"id","title","videoUrl"
"a1562040-ac2e-11e9-8a69-bb4b29648562","Glute Activation Workout - Knee Friendly Butt and Thigh Workout","https://www.youtube.com/embed/E8AFhOuZ3JU?rel=0&&showinfo=0"
"a2d10070-ac2e-11e9-8a69-bb4b29648562","45 Minute Total Body Kettlebell Workout - Fun and Tough Kettlebell Routine","https://www.youtube.com/embed/Msh4yqfVNUE?rel=0&&showinfo=0"
"a3805340-ac2e-11e9-8a69-bb4b29648562","Complete Upper Body Workout for Strength & Toning: Arms, Shoulders, Chest, and Back Workout","https://www.youtube.com/embed/t6UnYPkY8Ls?rel=0&&showinfo=0"
"a443ca50-ac2e-11e9-8a69-bb4b29648562","At Home HIIT Workout - Intense Calorie Burning HIIT Cardio Workout for Busy People","https://www.youtube.com/embed/sih4kBaBGjg?rel=0&&showinfo=0"
"a56edcd0-ac2e-11e9-8a69-bb4b29648562","10 Minute Butt and Thigh Workout - Lower Body Pilates Workout","https://www.youtube.com/embed/gXla5bAx290?rel=0&&showinfo=0"
"a6290510-ac2e-11e9-8a69-bb4b29648562","56 Minute HIIT and Strength Workout - Intense Active/Static Lower Body Strength and HIIT","https://www.youtube.com/embed/g6ALZjh8nDs?rel=0&&showinfo=0"
"a6de2440-ac2e-11e9-8a69-bb4b29648562","Upper Body Workout for Toned Arms, Chest and Upper Back","https://www.youtube.com/embed/oze91Sr-ZVI?rel=0&&showinfo=0"
"a7bc7650-ac2e-11e9-8a69-bb4b29648562","HIIT and Kickboxing Cardio Plus Abs - Home Cardio and Abs Workout","https://www.youtube.com/embed/XwfTTbEbwng?rel=0&&showinfo=0"
"a8854490-ac2e-11e9-8a69-bb4b29648562","Energy Boosting Cardio Jumpstart - Total Body Warm Up Cardio Workout","https://www.youtube.com/embed/4ugy0hEQ268?rel=0&&showinfo=0"
"a9983b30-ac2e-11e9-8a69-bb4b29648562","10 Minute Abs Workout - At Home Abs Workout with No Equipment","https://www.youtube.com/embed/h8qNmVJ_jI8?rel=0&&showinfo=0"
"aa5ff800-ac2e-11e9-8a69-bb4b29648562","35 Minute Upper Body Strength Superset Workout","https://www.youtube.com/embed/zRH8BpVv8xA?rel=0&&showinfo=0"
"aaf24cf0-ac2e-11e9-8a69-bb4b29648562","Fat Burning Cardio Workout with Relaxing Cool Down & Low Impact Cardio Modifications","https://www.youtube.com/embed/mvilt-0cdo4?rel=0&&showinfo=0"
"ab8d7b80-ac2e-11e9-8a69-bb4b29648562","No Equipment HIIT Cardio Home Workout - Quick and Intense HIIT","https://www.youtube.com/embed/SPXYfGV0i-Y?rel=0&&showinfo=0"
"ac3fb480-ac2e-11e9-8a69-bb4b29648562","Easy Pilates and Cardio Workout with Relaxing Cool Down - Active Recovery Workout","https://www.youtube.com/embed/JnXMbE9tHlw?rel=0&&showinfo=0"
"acd0a9e0-ac2e-11e9-8a69-bb4b29648562","30 Minute Cardio Kickboxing and Abs Home Workout","https://www.youtube.com/embed/3wzNodXXANY?rel=0&&showinfo=0"
"ad754e50-ac2e-11e9-8a69-bb4b29648562","Fun Upper Body Workout + A Message About Goal Setting","https://www.youtube.com/embed/GtckHienPPI?rel=0&&showinfo=0"
"ae189330-ac2e-11e9-8a69-bb4b29648562","Lower Body HIIT and Upper Body Strength; Total Body Workout Combo","https://www.youtube.com/embed/DYaWdDkQFyg?rel=0&&showinfo=0"
"aed839b0-ac2e-11e9-8a69-bb4b29648562","35 Minute Pilates Workout for Butt and Thighs - At Home Pilates Workout","https://www.youtube.com/embed/YVmJV8KxjuU?rel=0&&showinfo=0"
"af84f470-ac2e-11e9-8a69-bb4b29648562","HIIT Cardio, Total Body Strength, Core Workout - 1000 Calorie Workout for 5 Million Subs!","https://www.youtube.com/embed/I6pCg2MPr8k?rel=0&&showinfo=0"
"b03c5d90-ac2e-11e9-8a69-bb4b29648562","Upper Body and Abs Workout - Compound Upper Body Workout for Strength and Coordination","https://www.youtube.com/embed/DKZI-aTmH9I?rel=0&&showinfo=0"
"b187f060-ac2e-11e9-8a69-bb4b29648562","Fitness Blender 15 Minute Abs Workout - At Home Core Training without Equipment","https://www.youtube.com/embed/0yZDVWab_dI?rel=0&&showinfo=0"
"b2289d30-ac2e-11e9-8a69-bb4b29648562","20 Minute HIIT Workout with Warm Up and Cool Down - At Home HIIT","https://www.youtube.com/embed/JWy2-Dz7vJo?rel=0&&showinfo=0"
"b2cccc70-ac2e-11e9-8a69-bb4b29648562","10 Minute Upper Body Workout - Upper Body Exercises for Toning and Strength","https://www.youtube.com/embed/eQW6z8kFp1Q?rel=0&&showinfo=0"
"b39f5eb0-ac2e-11e9-8a69-bb4b29648562","At Home Pilates Butt and Thigh Workout - No Equipment Pilates Workout","https://www.youtube.com/embed/_e8eCZKJPnw?rel=0&&showinfo=0"
"b42c8380-ac2e-11e9-8a69-bb4b29648562","Lower Body Strength and Endurance Challenge - Beginner or Advanced Lower Body Workout","https://www.youtube.com/embed/6JAX4JCPT4g?rel=0&&showinfo=0"
"b4dc2470-ac2e-11e9-8a69-bb4b29648562","Upper Body Workout for Coordination and Control - Isolated Functional Strength Workout","https://www.youtube.com/embed/TnuU-PY_-rs?rel=0&&showinfo=0"
"b5900b20-ac2e-11e9-8a69-bb4b29648562","Low Impact Cardio Workout for Beginners - Feel Good Cardio","https://www.youtube.com/embed/SibjPw9Khz4?rel=0&&showinfo=0"
"b63fac10-ac2e-11e9-8a69-bb4b29648562","30 Minute HIIT and Abs Workout with Warm Up and Cool Down (no equipment)","https://www.youtube.com/embed/KzPj5l9R7Os?rel=0&&showinfo=0"
"b6dc1320-ac2e-11e9-8a69-bb4b29648562","Upper Body Workout Cardio Kickboxing - Strength and Cardio Workout","https://www.youtube.com/embed/cly7lGbAyyk?rel=0&&showinfo=0"
"b77b8770-ac2e-11e9-8a69-bb4b29648562","30 Minute HIIT Cardio and Lower Body Strength Workout -  Muscle Building, Fat Burning Home Workout","https://www.youtube.com/embed/YVe2THgSDxc?rel=0&&showinfo=0"
"b80a0bd0-ac2e-11e9-8a69-bb4b29648562","At Home Glute Workout - Burnout Butt and Thigh Workout","https://www.youtube.com/embed/kvHEqpwHoFo?rel=0&&showinfo=0"
"b8b82620-ac2e-11e9-8a69-bb4b29648562","30 Minute Core Strength - Fitness Blender Advanced Core Workout","https://www.youtube.com/embed/N5ViYeGJOCA?rel=0&&showinfo=0"
"b94aa220-ac2e-11e9-8a69-bb4b29648562","Shoulders, Back, Chest and Arm Workout for Strong Toned Upper Body","https://www.youtube.com/embed/EkeWuJE3aW8?rel=0&&showinfo=0"
"b9f07f10-ac2e-11e9-8a69-bb4b29648562","Alternating Repetition Upper Body Workout for Strength Coordination and Control","https://www.youtube.com/embed/PdebNr25GTo?rel=0&&showinfo=0"
"baa6fdd0-ac2e-11e9-8a69-bb4b29648562","HIIT Cardio and Butt and Thigh Workout - HIIT and Strength","https://www.youtube.com/embed/PJh9lPFppuo?rel=0&&showinfo=0"
"bb67dcd0-ac2e-11e9-8a69-bb4b29648562","Abs and HIIT Cardio Workout - No Equipment Lower Body and Core  Challenge","https://www.youtube.com/embed/M9Z4YsinNMk?rel=0&&showinfo=0"
"bc190460-ac2e-11e9-8a69-bb4b29648562","HIIT Cardio and Lower Body Strength Workout with Warm Up and Cool Down","https://www.youtube.com/embed/rGyPHFcpSDI?rel=0&&showinfo=0"
"bcafed30-ac2e-11e9-8a69-bb4b29648562","10 Minute Abs Workout with Kelli and Daniel - At Home Abs Workout","https://www.youtube.com/embed/0fxhP9LFhDw?rel=0&&showinfo=0"
"bd3a52e0-ac2e-11e9-8a69-bb4b29648562","HIIT Cardio and Upper Body Workout - Intense Total Body Workout","https://www.youtube.com/embed/8elSCV-56ww?rel=0&&showinfo=0"
"bdf194f0-ac2e-11e9-8a69-bb4b29648562","Low Impact Cardio and Abs Workout with Warm Up and Cool Down","https://www.youtube.com/embed/BGP9J0Nn2Hw?rel=0&&showinfo=0"
"bf870200-ac2e-11e9-8a69-bb4b29648562","Quick Sweat Lifting Session: 10 Minute Butt and Thigh Workout","https://www.youtube.com/embed/YFKSubwodZU?rel=0&&showinfo=0"
"c03a2560-ac2e-11e9-8a69-bb4b29648562","Dynamic Total Body HIIT and Core Workout","https://www.youtube.com/embed/OUo0QofYx28?rel=0&&showinfo=0"
"c0f6bea0-ac2e-11e9-8a69-bb4b29648562","Fat Burning HIIT Cardio Workout with Advanced and Low Impact Mods","https://www.youtube.com/embed/UtSARFyV2Wg?rel=0&&showinfo=0"
"c18df590-ac2e-11e9-8a69-bb4b29648562","Functional Upper Body Workout for Strength and Coordination","https://www.youtube.com/embed/ifi6q8CQl80?rel=0&&showinfo=0"
"c357e020-ac2e-11e9-8a69-bb4b29648562","Intense At Home Pyramid HIIT Workout with Warm Up & Cool Down","https://www.youtube.com/embed/uTUxS7MMq08?rel=0&&showinfo=0"
"c3f44730-ac2e-11e9-8a69-bb4b29648562","Fat Burning HIIT Cardio Workout","https://www.youtube.com/embed/QOHJTIIfs9g?rel=0&&showinfo=0"
"c4cb9460-ac2e-11e9-8a69-bb4b29648562","20 Minute Pilates Workout: Pilates Butt and Thigh Workout","https://www.youtube.com/embed/RZgIv9tVvLE?rel=0&&showinfo=0"
"c59d6350-ac2e-11e9-8a69-bb4b29648562","10 Minute Butt and Thigh Workout - No Equipment Lower Body Workout","https://www.youtube.com/embed/YyBcMVQylas?rel=0&&showinfo=0"
"c6269080-ac2e-11e9-8a69-bb4b29648562","Get Strong! Upper Body Workout for Strength with Descending Reps","https://www.youtube.com/embed/wpTVnDwTd_M?rel=0&&showinfo=0"
"c6db88a0-ac2e-11e9-8a69-bb4b29648562","Total Body Cardio Workout to Burn Fat and Boost Energy","https://www.youtube.com/embed/KakbbW7Fz9Y?rel=0&&showinfo=0"
"c77a60b0-ac2e-11e9-8a69-bb4b29648562","Fat Burning HIIT Cardio Workout with No Equipment","https://www.youtube.com/embed/5Yz9odanXN4?rel=0&&showinfo=0"
"c80bf250-ac2e-11e9-8a69-bb4b29648562","Mass Building Lower Body Workout","https://www.youtube.com/embed/bosWj6aPRBc?rel=0&&showinfo=0"
"c8cd6d90-ac2e-11e9-8a69-bb4b29648562","1000 Calorie Workout for 4 Million Subscribers! At Home Workout to Burn 1000 Calories","https://www.youtube.com/embed/jLi5CcyTFgQ?rel=0&&showinfo=0"
"c9929250-ac2e-11e9-8a69-bb4b29648562","At Home Butt and Thigh Workout with No Equipment","https://www.youtube.com/embed/qUjOdcAi27g?rel=0&&showinfo=0"
"cac91680-ac2e-11e9-8a69-bb4b29648562","Cardio Kickboxing and Lower Body Strength Workout","https://www.youtube.com/embed/FR1BtM2CpRg?rel=0&&showinfo=0"
"cb5ca3f0-ac2e-11e9-8a69-bb4b29648562","No Equipment Butt and Thigh Workout + Fat Burning Cardio Intervals","https://www.youtube.com/embed/oJs7hzlHWco?rel=0&&showinfo=0"
"cc592c60-ac2e-11e9-8a69-bb4b29648562","No Equipment Upper Body Workout with Warm Up and Cool Down","https://www.youtube.com/embed/n-gj7ZOHrU0?rel=0&&showinfo=0"
"cd32ea90-ac2e-11e9-8a69-bb4b29648562","At Home Upper Body Strength Workout for Arms, Shoulders, Chest & Back","https://www.youtube.com/embed/Z_5DW7K9QCk?rel=0&&showinfo=0"
"cdcce0a0-ac2e-11e9-8a69-bb4b29648562","Quick 10 Minute Upper Body Strength Workout - (Bored Easily)","https://www.youtube.com/embed/xRt4LSANIoU?rel=0&&showinfo=0"
"ce775170-ac2e-11e9-8a69-bb4b29648562","No Equipment 10 Minute Butt and Thigh Workout at Home","https://www.youtube.com/embed/RhrmTsLpcn0?rel=0&&showinfo=0"
"cff39130-ac2e-11e9-8a69-bb4b29648562","Build a Booty Workout - Strength and Pilates Workout for Butt and Thighs","https://www.youtube.com/embed/LzRfwdCPQSI?rel=0&&showinfo=0"
"d0894180-ac2e-11e9-8a69-bb4b29648562","No Equipment Butt and Thigh Workout at Home - Bodyweight Lower Body Workout","https://www.youtube.com/embed/Hp39axsuFs8?rel=0&&showinfo=0"
"d2009f40-ac2e-11e9-8a69-bb4b29648562","HIIT Cardio and Abs Workout for People Who Get Bored Easily","https://www.youtube.com/embed/zgNRJsGzDh4?rel=0&&showinfo=0"
"d2960170-ac2e-11e9-8a69-bb4b29648562","No Equipment Upper Body and Cardio Kickboxing Workout","https://www.youtube.com/embed/F4f8Ny82h88?rel=0&&showinfo=0"
"d327ba20-ac2e-11e9-8a69-bb4b29648562","10 Minute Abs Workout: At Home Pilates Abs Workout for a Healthy Back","https://www.youtube.com/embed/0CQ7riVMNJc?rel=0&&showinfo=0"
"d3d49bf0-ac2e-11e9-8a69-bb4b29648562","Fun and Brutal HIIT & Total Body Strength Workout with Cardio Burnout (Bored Easily)","https://www.youtube.com/embed/juh98840e5I?rel=0&&showinfo=0"
"d50f17c0-ac2e-11e9-8a69-bb4b29648562","Jumpstart Cardio Workout - 5 Minute Energy Boosting Workout","https://www.youtube.com/embed/xA8mWJiGkfY?rel=0&&showinfo=0"
"d5acde60-ac2e-11e9-8a69-bb4b29648562","HIIT Cardio and Abs Workout - No Equipment HIIT and Abs (Low Impact Mods)","https://www.youtube.com/embed/EkWBqgXUXDY?rel=0&&showinfo=0"
"d6c35770-ac2e-11e9-8a69-bb4b29648562","Quick and Intense HIIT Workout - Bodyweight Only HIIT Cardio","https://www.youtube.com/embed/pg2CYj3rjYI?rel=0&&showinfo=0"
"d7625690-ac2e-11e9-8a69-bb4b29648562","Burnout Butt & Thigh Workout - Strength and HIIT Workout for Lower Body","https://www.youtube.com/embed/GQLMYNSpn_0?rel=0&&showinfo=0"
"d89b99e0-ac2e-11e9-8a69-bb4b29648562","Upper Body Strength & Cardio Interval Workout (with Low Impact Mods)","https://www.youtube.com/embed/0qZBi77JWGQ?rel=0&&showinfo=0"
"d9319850-ac2e-11e9-8a69-bb4b29648562","Total Body Strength Workout for People who get Bored Easily - Total Body Burnout","https://www.youtube.com/embed/siIicrZ4gng?rel=0&&showinfo=0"
"d9c0b8f0-ac2e-11e9-8a69-bb4b29648562","At Home Upper Body Workout - Quick Upper Body Strength Without Weights","https://www.youtube.com/embed/sYYjx_W7rUY?rel=0&&showinfo=0"
"da9e47b0-ac2e-11e9-8a69-bb4b29648562","Low Impact Beginner Cardio Workout - Feel Good Recovery Cardio","https://www.youtube.com/embed/gvLAtoKVvAM?rel=0&&showinfo=0"
"db7aec10-ac2e-11e9-8a69-bb4b29648562","Intense HIIT Cardio Kickboxing and Upper Body Strength Workout","https://www.youtube.com/embed/UAUdgU83Vx8?rel=0&&showinfo=0"
"dc1f1b50-ac2e-11e9-8a69-bb4b29648562","Bodyweight HIIT Cardio Workout - Sweaty At Home Cardio HIIT","https://www.youtube.com/embed/IzrxQPcPqr8?rel=0&&showinfo=0"
"dcc87ab0-ac2e-11e9-8a69-bb4b29648562","Strength and HIIT Workout - Intense Lower Body Workout","https://www.youtube.com/embed/f5qCnMhqs18?rel=0&&showinfo=0"
"dd731290-ac2e-11e9-8a69-bb4b29648562","Fun Upper Body Workout for Great Arms & Shoulders (Bored Easily)","https://www.youtube.com/embed/wCbI4zEbW5M?rel=0&&showinfo=0"
"de243a20-ac2e-11e9-8a69-bb4b29648562","All Strength Upper Body Workout - Upper Body Muscle Building Workout","https://www.youtube.com/embed/v6vsSkZPmuA?rel=0&&showinfo=0"
"def17530-ac2e-11e9-8a69-bb4b29648562","At Home Butt and Thigh Workout - Strength, Pilates and Barre Workout","https://www.youtube.com/embed/BtBQm4BBsR0?rel=0&&showinfo=0"
"e119ac60-ac2e-11e9-8a69-bb4b29648562","Fat Burning Cardio and Butt and Thigh Workout - Advanced & Low Impact Modifications","https://www.youtube.com/embed/_Iujuo9fLhg?rel=0&&showinfo=0"
"e1acc4a0-ac2e-11e9-8a69-bb4b29648562","10 Minutes Abs Workout - Advanced Weighted Core Workout","https://www.youtube.com/embed/l9KShkPJty4?rel=0&&showinfo=0"
"e25ab7e0-ac2e-11e9-8a69-bb4b29648562","Fat Burning Butt and Thigh Workout - Strength Training Sweatfest for People Who Get Bored Easily","https://www.youtube.com/embed/NljaynACdxA?rel=0&&showinfo=0"
"e31bbdf0-ac2e-11e9-8a69-bb4b29648562","15 Minute HIIT Workout - No Equipment HIIT Cardio At Home","https://www.youtube.com/embed/0DSrudz6IVY?rel=0&&showinfo=0"
"e3cee150-ac2e-11e9-8a69-bb4b29648562","Ultimate HIIT Workout for People Who Get Bored Easily - Fat Burning HIIT Cardio Workout","https://www.youtube.com/embed/tbbZBtdd20U?rel=0&&showinfo=0"
"e4635920-ac2e-11e9-8a69-bb4b29648562","Brutal HIIT Workout Game: Fat Burning Ladder, Pyramid and Tabata HIIT at Home","https://www.youtube.com/embed/HReVjURVMPs?rel=0&&showinfo=0"
"e4f0a500-ac2e-11e9-8a69-bb4b29648562","Fitness Blender's Free 3-Day Flexibility Challenge: Day 3 (Static Stretches for Flexibility and Range of Motion)","https://www.youtube.com/embed/eV7hkrp9nII?rel=0&&showinfo=0"
"e5856af0-ac2e-11e9-8a69-bb4b29648562","Fitness Blender's Free 3-Day Flexibility Challenge: Day 2 (Pilates Yoga Blend for Flexibility and Toning)","https://www.youtube.com/embed/xCsETuMdp2w?rel=0&&showinfo=0"
"e6249120-ac2e-11e9-8a69-bb4b29648562","Fitness Blender's Free 3-Day Flexibility Challenge: Day 1 (Fluid Full Body Stretches for Flexibility & Stress Relief)","https://www.youtube.com/embed/wCsvZwK_e_8?rel=0&&showinfo=0"
"e6b97e20-ac2e-11e9-8a69-bb4b29648562","10 Minute Butt and Thigh Workout At Home - No Equipment Butt and Thigh Toning Workout","https://www.youtube.com/embed/C8X96ItgyOg?rel=0&&showinfo=0"
"e795fb70-ac2e-11e9-8a69-bb4b29648562","No Equipment Upper Body & Abs Workout - At Home Upper Body & Core","https://www.youtube.com/embed/cpvqSFuo2sw?rel=0&&showinfo=0"
"e8627330-ac2e-11e9-8a69-bb4b29648562","Fat Burning Cardio Bootcamp - Butt and Thigh Workout (with Low Impact Modifications)","https://www.youtube.com/embed/B0fQkDotuoA?rel=0&&showinfo=0"
"e8ec8ac0-ac2e-11e9-8a69-bb4b29648562","Upper Body Workout for Great Shoulders - Arms, Back, Chest, and Shoulder Workout","https://www.youtube.com/embed/XP3dfC7SmSE?rel=0&&showinfo=0"
"e971c050-ac2e-11e9-8a69-bb4b29648562","Cardio Kickboxing and Bodyweight Cardio Workout - Fat Burning Intervals","https://www.youtube.com/embed/HY3Q7lBeb_M?rel=0&&showinfo=0"
"eaa1dbe0-ac2e-11e9-8a69-bb4b29648562","23 Minute Active Static Abs Workout - Abs Burnout Routine","https://www.youtube.com/embed/6OzGTeCc6J8?rel=0&&showinfo=0"
"eb48ca40-ac2e-11e9-8a69-bb4b29648562","Relaxing Total Body Stretching Workout for Stress Relief and Better Sleep - Before Bed Stretches","https://www.youtube.com/embed/tf77HZVDI80?rel=0&&showinfo=0"
"ebdaaa00-ac2e-11e9-8a69-bb4b29648562","Squats and Deadlifts Workout - At Home Lower Body Workout","https://www.youtube.com/embed/R0FxMguetIw?rel=0&&showinfo=0"
"ec72a440-ac2e-11e9-8a69-bb4b29648562","Fat Burning HIIT Workout - HIIT Cardio with Warm Up (with Low Impact Modifications)","https://www.youtube.com/embed/_OkfUDzMVSs?rel=0&&showinfo=0"
"edbb50e0-ac2e-11e9-8a69-bb4b29648562","Abs Workout for People who get Bored Easily - Core and Cardio Workout","https://www.youtube.com/embed/IFB_au89KWE?rel=0&&showinfo=0"
"eecbaf70-ac2e-11e9-8a69-bb4b29648562","Lower Body Pilates Workout - Butt and Thigh Workout","https://www.youtube.com/embed/BLSpUtiDcSo?rel=0&&showinfo=0"
"f0840dd0-ac2e-11e9-8a69-bb4b29648562","At Home Cardio Workout For People Who Get Bored Easily - Fun Bodyweight Cardio","https://www.youtube.com/embed/fyzveWI25aI?rel=0&&showinfo=0"
"f12270b0-ac2e-11e9-8a69-bb4b29648562","Abs and Lower Body Pilates Workout for Beginners","https://www.youtube.com/embed/VpJ-xeKvfzk?rel=0&&showinfo=0"
"f1d17560-ac2e-11e9-8a69-bb4b29648562","10 Minute No Equipment Upper Body Workout - Complete Upper Body Workout Without Weights","https://www.youtube.com/embed/HRvFxrFGqA4?rel=0&&showinfo=0"
"f29adfe0-ac2e-11e9-8a69-bb4b29648562","Quick But Brutal HIIT Workout - 15 Minute Brutal Tabata","https://www.youtube.com/embed/8EBLws3-Ei0?rel=0&&showinfo=0"
"f32c4a70-ac2e-11e9-8a69-bb4b29648562","Cardio Warm Up for Lower Body Strength Workouts","https://www.youtube.com/embed/yoP-NeGtNMI?rel=0&&showinfo=0"
"f3b94830-ac2e-11e9-8a69-bb4b29648562","Brutal Butt and Thigh Workout for Fat Burning and Lean Muscle Building","https://www.youtube.com/embed/LyeuYIGTPJk?rel=0&&showinfo=0"
"f4691030-ac2e-11e9-8a69-bb4b29648562","At Home Abs and Upper Body Workout - Bodyweight Only Upper Body and Core Workout","https://www.youtube.com/embed/0xnK-XZy2Zw?rel=0&&showinfo=0"
"f50cca40-ac2e-11e9-8a69-bb4b29648562","At Home Butt and Thigh Workout - Booty Sculpting Lower Body Strength Training","https://www.youtube.com/embed/BTLwZMgp3xo?rel=0&&showinfo=0"
"f590c750-ac2e-11e9-8a69-bb4b29648562","Fat Burning HIIT Workout with Warm Up Cardio","https://www.youtube.com/embed/MG8DJpN-35g?rel=0&&showinfo=0"
"f6205d20-ac2e-11e9-8a69-bb4b29648562","1000 Calorie Workout Video - At Home HIIT Cardio, Strength, and Abs Workout to Burn 1000 Calories","https://www.youtube.com/embed/Co9CpHYl20M?rel=0&&showinfo=0"
"f6e64530-ac2e-11e9-8a69-bb4b29648562","Fitness Blender's Free 5-Day Workout Challenge: Strong and Lean, Day 5","https://www.youtube.com/embed/tMB_ehaXtbI?rel=0&&showinfo=0"
"f7b2bcf0-ac2e-11e9-8a69-bb4b29648562","Fitness Blender's Free 5-Day Workout Challenge: Strong and Lean, Day 4","https://www.youtube.com/embed/gDc97d3Fmfc?rel=0&&showinfo=0"
"f841b680-ac2e-11e9-8a69-bb4b29648562","Fitness Blender's Free 5-Day Workout Challenge: Strong and Lean, Day 3","https://www.youtube.com/embed/M2pfvVdk6N0?rel=0&&showinfo=0"
"f8cc9160-ac2e-11e9-8a69-bb4b29648562","Fitness Blender's Free 5-Day Workout Challenge: Strong and Lean, Day 2","https://www.youtube.com/embed/E_J6CntJXyQ?rel=0&&showinfo=0"
"f95c0020-ac2e-11e9-8a69-bb4b29648562","Fitness Blender's Free 5-Day Workout Challenge: Strong and Lean, Day 1","https://www.youtube.com/embed/Cn8Elmw16ZU?rel=0&&showinfo=0"
"fa359740-ac2e-11e9-8a69-bb4b29648562","Chill Out! Stretching, Pilates, Yoga Workout for Flexibility and Calm","https://www.youtube.com/embed/32bzgV0lMRE?rel=0&&showinfo=0"
"faf27ea0-ac2e-11e9-8a69-bb4b29648562","Relaxing Stretching Workout for Flexibility and Stress Relief - Full Body Yoga Pilates Blend","https://www.youtube.com/embed/7h_Pn7NyJ0k?rel=0&&showinfo=0"
"fb88f240-ac2e-11e9-8a69-bb4b29648562","Fat Burning HIIT Workout - Bodyweight HIIT Cardio Workout (with low impact modifications)","https://www.youtube.com/embed/F8rcu-ekUlE?rel=0&&showinfo=0"
"fca0f1f0-ac2e-11e9-8a69-bb4b29648562","Pilates Abs, Butt and Thigh Workout - Pilates Workout for Lower Body & Core","https://www.youtube.com/embed/4thujUsx9pI?rel=0&&showinfo=0"
"fd56fb80-ac2e-11e9-8a69-bb4b29648562","Cardio Kickboxing and Abs Workout - Kickboxing for Stress and Cardio Benefits","https://www.youtube.com/embed/PSBGp79toaQ?rel=0&&showinfo=0"
"feebf360-ac2e-11e9-8a69-bb4b29648562","Ultimate Butt and Thigh Workout  - Kelli's Lower Body Workout for People Who Get Bored Easily","https://www.youtube.com/embed/UgcwcPmhmb0?rel=0&&showinfo=0"
"ff768020-ac2e-11e9-8a69-bb4b29648562","Brutal HIIT Workout - Bodyweight Only HIIT Workout to Burn Fat and Build Endurance","https://www.youtube.com/embed/9V9I1KbJvs0?rel=0&&showinfo=0"
"00079c90-ac2f-11e9-8a69-bb4b29648562","Kelli's Upper Body Workout for People Who Get Bored Easily - Arms, Shoulders, Upper Back","https://www.youtube.com/embed/31GQrtI6ivI?rel=0&&showinfo=0"
"00dc9fd0-ac2f-11e9-8a69-bb4b29648562","Brutal Butt and Thigh Workout - Lower Body Strength Training Sweatfest","https://www.youtube.com/embed/SMXMrcz8Grk?rel=0&&showinfo=0"
"018b0840-ac2f-11e9-8a69-bb4b29648562","10 Minute Abs Workout - Pilates Abs Burner","https://www.youtube.com/embed/ZjGdlbsVGrs?rel=0&&showinfo=0"
"021e95b0-ac2f-11e9-8a69-bb4b29648562","10 Minute Butt and Thigh Workout - Interval Strength Training Sweatfest","https://www.youtube.com/embed/VLm89huAEYA?rel=0&&showinfo=0"
"02a32f00-ac2f-11e9-8a69-bb4b29648562","24 Minute Ab Blasting Interval Workout - At Home Abs Workout","https://www.youtube.com/embed/2Yk_z7CK6Ig?rel=0&&showinfo=0"
"0380e4d0-ac2f-11e9-8a69-bb4b29648562","Fat Burning Cardio Workout to Tone (High & Low Impact Modifications)","https://www.youtube.com/embed/oQD-Gzm7nl8?rel=0&&showinfo=0"
"04270fe0-ac2f-11e9-8a69-bb4b29648562","10 Minute Fat Burning Total Body Workout - Dynamic Strength Training","https://www.youtube.com/embed/OrgnyBduuwI?rel=0&&showinfo=0"
"04d59f60-ac2f-11e9-8a69-bb4b29648562","At Home Upper Body Workout for Toned Arms, Shoulder & Upper Back","https://www.youtube.com/embed/cVj0SfkHjoY?rel=0&&showinfo=0"
"055c3480-ac2f-11e9-8a69-bb4b29648562","10 Minute Workout for Butt and Thighs","https://www.youtube.com/embed/wMKQjGRV7FU?rel=0&&showinfo=0"
"06458310-ac2f-11e9-8a69-bb4b29648562","At Home Lower Body Strength Workout - Dumbbell Workout for Butt and Thighs","https://www.youtube.com/embed/vYV6wt7U4nI?rel=0&&showinfo=0"
"0704db70-ac2f-11e9-8a69-bb4b29648562","Total Body Cooldown - Compound Movements for a Total Body Stretch","https://www.youtube.com/embed/WK1t1-d2t1Y?rel=0&&showinfo=0"
"078b7090-ac2f-11e9-8a69-bb4b29648562","Total Body HIIT and Abs Workout - Cardio and Core Combination","https://www.youtube.com/embed/ujwNtbPYHGI?rel=0&&showinfo=0"
"0817f920-ac2f-11e9-8a69-bb4b29648562","Upper Body Strength Workout - Guaranteed Muscle Burnout","https://www.youtube.com/embed/Yxjxec_EhGQ?rel=0&&showinfo=0"
"08ea3d40-ac2f-11e9-8a69-bb4b29648562","At Home Strength and Pilates Butt and Thigh Workout","https://www.youtube.com/embed/EgMttbIO3-s?rel=0&&showinfo=0"
"099d1280-ac2f-11e9-8a69-bb4b29648562","Upper Body Alternating Dumbbell Workout - Challenge Upper Body Strength and Coordination","https://www.youtube.com/embed/5uOcLQTHPbA?rel=0&&showinfo=0"
"0a2e7d10-ac2f-11e9-8a69-bb4b29648562","At Home Cardio Workout to Burn Fat and Tone (High & Low Impact Modifications)","https://www.youtube.com/embed/llRzBwD_TJw?rel=0&&showinfo=0"
"0ac3df40-ac2f-11e9-8a69-bb4b29648562","Shoulder Sculpting Workout with Kelli and Daniel","https://www.youtube.com/embed/FWShSllV9go?rel=0&&showinfo=0"
"0b7777d0-ac2f-11e9-8a69-bb4b29648562","15 Minute HIIT Metabolism Booster - Total Body and Abs HIIT Workout","https://www.youtube.com/embed/ieyzL5OaPZk?rel=0&&showinfo=0"
"0d24b2a0-ac2f-11e9-8a69-bb4b29648562","Relaxing Stretching Workout for Stiff Muscles & Stress Relief - Easy Stretches to Do at Work","https://www.youtube.com/embed/a9WC_eLmP30?rel=0&&showinfo=0"
"0db16240-ac2f-11e9-8a69-bb4b29648562","5 Minute Butt and Thigh Workout - Butt Lifting, Thigh Toning Workout","https://www.youtube.com/embed/yn7jv821tAc?rel=0&&showinfo=0"
"0e3167b0-ac2f-11e9-8a69-bb4b29648562","1000 Calorie Workout for 2 Million Subscribers! At Home Workout to Burn 1000 Calories","https://www.youtube.com/embed/PBHBhvv-Lhg?rel=0&&showinfo=0"
"0f2a94c0-ac2f-11e9-8a69-bb4b29648562","Low Impact Beginner Cardio - No Jumping Quiet Cardio Workout","https://www.youtube.com/embed/zfgEwSvatqY?rel=0&&showinfo=0"
"10147f90-ac2f-11e9-8a69-bb4b29648562","Fat Blasting Booty Builder - HIIT Cardio and Strength Training Workout","https://www.youtube.com/embed/PkDqNReMsjk?rel=0&&showinfo=0"
"10a1cb70-ac2f-11e9-8a69-bb4b29648562","Lower Body Strength for Mass - Ultimate Home Workout for Lower Body Mass","https://www.youtube.com/embed/_VuTlrOKOkk?rel=0&&showinfo=0"
"112d4290-ac2f-11e9-8a69-bb4b29648562","Wake Up Call Cardio Workout - Calorie Burning Warm Up Cardio for Energy","https://www.youtube.com/embed/Ie4ZTuMh_K0?rel=0&&showinfo=0"
"11b6bde0-ac2f-11e9-8a69-bb4b29648562","Quick 10 Minute Lower Body Tabata HIIT","https://www.youtube.com/embed/5Ng-8AqhB1Y?rel=0&&showinfo=0"
"132d7f60-ac2f-11e9-8a69-bb4b29648562","Total Body Strength Training with Dumbbells - Challenging Dynamic Superset Workout","https://www.youtube.com/embed/Tg1RPoXBCNk?rel=0&&showinfo=0"
"13e2ecb0-ac2f-11e9-8a69-bb4b29648562","Brutal Abs Workout - Abs, Obliques and Lower Back Workout","https://www.youtube.com/embed/Q89MwOlSuhg?rel=0&&showinfo=0"
"14885470-ac2f-11e9-8a69-bb4b29648562","Quick Sweat Cardio Fat Burn - Fun Jump Roping Workout","https://www.youtube.com/embed/BYMyW8epc8U?rel=0&&showinfo=0"
"15129310-ac2f-11e9-8a69-bb4b29648562","Stress Busting Cardio KickBoxing and Core Workout","https://www.youtube.com/embed/4MhuPWGa3Eg?rel=0&&showinfo=0"
"159f69c0-ac2f-11e9-8a69-bb4b29648562","Upper Body Strength Training - At Home Upper Body Workout with Dumbbells","https://www.youtube.com/embed/W91DKaoiJRk?rel=0&&showinfo=0"
"162e1530-ac2f-11e9-8a69-bb4b29648562","At Home Cardio Workout with No Equipment - Fat Burning Cardio Intervals","https://www.youtube.com/embed/2rzhohF5w3c?rel=0&&showinfo=0"
"17d387d0-ac2f-11e9-8a69-bb4b29648562","Intense Fat Burning Cardio Intervals and Butt and Thigh Workout","https://www.youtube.com/embed/ewX0KzfSWbI?rel=0&&showinfo=0"
"185cdc10-ac2f-11e9-8a69-bb4b29648562","Abs, Butt and Thigh HIIT Cardio Workout","https://www.youtube.com/embed/Bwhl7iYCjj4?rel=0&&showinfo=0"
"18fceca0-ac2f-11e9-8a69-bb4b29648562","Calorie Burning Cardio Warm Up - Total Body Warm Up Workout","https://www.youtube.com/embed/iYFKB5fgqtQ?rel=0&&showinfo=0"
"1a9280c0-ac2f-11e9-8a69-bb4b29648562","1000 Calorie Workout - Strength, HIIT Cardio and Abs Workout to Burn 1000 Calories","https://www.youtube.com/embed/rtHEcT38JHc?rel=0&&showinfo=0"
"1b263540-ac2f-11e9-8a69-bb4b29648562","Lower Body Strength and Plyometrics - Mass and Power Workout Video for Legs","https://www.youtube.com/embed/iIC4V82k_a4?rel=0&&showinfo=0"
"1bb8d850-ac2f-11e9-8a69-bb4b29648562","Upper Body Split Workout - Shoulders and Lats Mass Building Video","https://www.youtube.com/embed/MHjJF_MnWBI?rel=0&&showinfo=0"
"1d5dd5c0-ac2f-11e9-8a69-bb4b29648562","Wake Up and GO HIIT Workout - At Home HIIT Routine","https://www.youtube.com/embed/fKGmGhU6NNk?rel=0&&showinfo=0"
"1df84100-ac2f-11e9-8a69-bb4b29648562","Upper Body Split Workout - Chest and Triceps Mass Building Video","https://www.youtube.com/embed/dXiR7kQGegQ?rel=0&&showinfo=0"
"1e7bc8e0-ac2f-11e9-8a69-bb4b29648562","Strong, Lean, Toned Arms, Chest and Shoulders Workout - Lift Like you Mean It!","https://www.youtube.com/embed/1igC5YL_HF0?rel=0&&showinfo=0"
"1f556000-ac2f-11e9-8a69-bb4b29648562","Upper Body Split Workout - Back and Biceps Mass Building Video","https://www.youtube.com/embed/HVeYYDmT_I4?rel=0&&showinfo=0"
"1ffc0040-ac2f-11e9-8a69-bb4b29648562","High Intensity Cardio Workout - Quick and Brutal Bodyweight Training","https://www.youtube.com/embed/nLJ503CinLQ?rel=0&&showinfo=0"
"208e2e20-ac2f-11e9-8a69-bb4b29648562","Strength, HIIT & Pilates Workout for a Bigger Butt & Strong Legs - Lower Body Burnout","https://www.youtube.com/embed/i32dr3cWSoY?rel=0&&showinfo=0"
"212034f0-ac2f-11e9-8a69-bb4b29648562","10 Minute Lower Body HIIT - Legs of Pain, Lungs on Fire","https://www.youtube.com/embed/xLfPolTXDlo?rel=0&&showinfo=0"
"2249c0d0-ac2f-11e9-8a69-bb4b29648562","Quick 10 Minute Core Workout - Pain in My Abs","https://www.youtube.com/embed/cHUjyp-SmKY?rel=0&&showinfo=0"
"22de86c0-ac2f-11e9-8a69-bb4b29648562","Squats For A Better Booty + Fat Burning Cardio - 10 Minute Lower Body Workout","https://www.youtube.com/embed/LWtkzzSPvg0?rel=0&&showinfo=0"
"23830420-ac2f-11e9-8a69-bb4b29648562","Fun At Home Cardio - 10 Minute Cardio and Abs Workout","https://www.youtube.com/embed/88FYIppJGxA?rel=0&&showinfo=0"
"24247440-ac2f-11e9-8a69-bb4b29648562","Functional Upper Body Strength - Weight Training for the Upper Body","https://www.youtube.com/embed/PVitqFVJWjY?rel=0&&showinfo=0"
"2591bfe0-ac2f-11e9-8a69-bb4b29648562","Fun Fat Burning Cardio Workout At Home to Boost Endurance and Get Fit Fast","https://www.youtube.com/embed/wmF2m6cEgEw?rel=0&&showinfo=0"
"261fa800-ac2f-11e9-8a69-bb4b29648562","Brutal Low Impact Workout - Advanced Functional Strength, Balance and Core Workout","https://www.youtube.com/embed/XNs8GNDlJgM?rel=0&&showinfo=0"
"269e26d0-ac2f-11e9-8a69-bb4b29648562","At Home Cardio Workout with No Equipment + Why We Dislike Gym Cardio Equipment","https://www.youtube.com/embed/qWy_aOlB45Y?rel=0&&showinfo=0"
"2722e730-ac2f-11e9-8a69-bb4b29648562","High Low Cardio Intervals - Fun At Home Total Body Workout","https://www.youtube.com/embed/rtX2tva8SyI?rel=0&&showinfo=0"
"27ef10d0-ac2f-11e9-8a69-bb4b29648562","Butt & Thigh Pilates Barre Blend","https://www.youtube.com/embed/9_Wyf2UQDqc?rel=0&&showinfo=0"
"28b39950-ac2f-11e9-8a69-bb4b29648562","HIIT Cardio Sweatfest Butt and Thigh Workout","https://www.youtube.com/embed/8T_-kUPI59o?rel=0&&showinfo=0"
"29483830-ac2f-11e9-8a69-bb4b29648562","Fluid Yoga Stretches for Flexibility and Strength","https://www.youtube.com/embed/o9XOgcw0eBo?rel=0&&showinfo=0"
"29d4c0c0-ac2f-11e9-8a69-bb4b29648562","Brutal Fat Burning Cardio HIIT + Dynamic Total Body Strength Training - FB Blend","https://www.youtube.com/embed/hMMLmNvUT0Q?rel=0&&showinfo=0"
"2a59f650-ac2f-11e9-8a69-bb4b29648562","Quick and Easy Pilates Toning and Flexibility Workout","https://www.youtube.com/embed/0PXRL5RhNok?rel=0&&showinfo=0"
"2c1031d0-ac2f-11e9-8a69-bb4b29648562","Fitness Blender's Free 5-Day Workout Challenge: For Busy People, Day 5","https://www.youtube.com/embed/gnBXknF1-Ig?rel=0&&showinfo=0"
"2cb39dc0-ac2f-11e9-8a69-bb4b29648562","Stretch and Tone for Core Stability and Back Health","https://www.youtube.com/embed/7XyaQNZJv4s?rel=0&&showinfo=0"
"2d433390-ac2f-11e9-8a69-bb4b29648562","Fitness Blender's Free 5-Day Workout Challenge: For Busy People, Day 4","https://www.youtube.com/embed/NzJPbWWcWqs?rel=0&&showinfo=0"
"2ec39200-ac2f-11e9-8a69-bb4b29648562","Fitness Blender's Free 5-Day Workout Challenge: For Busy People, Day 3","https://www.youtube.com/embed/NugcsykcpCg?rel=0&&showinfo=0"
"2f61a6c0-ac2f-11e9-8a69-bb4b29648562","Intense at Home HIIT Cardio and Abs Workout - Abs On Fire","https://www.youtube.com/embed/ay7P8OAblh8?rel=0&&showinfo=0"
"2fed9310-ac2f-11e9-8a69-bb4b29648562","Cardio and Abs Workout - Fat Burning Core and Cardio Intervals","https://www.youtube.com/embed/dXNbCDpop2o?rel=0&&showinfo=0"
"30842dc0-ac2f-11e9-8a69-bb4b29648562","Fitness Blender's Free 5-Day Workout Challenge: For Busy People, Day 2","https://www.youtube.com/embed/w-5VTmZYDko?rel=0&&showinfo=0"
"31fc00b0-ac2f-11e9-8a69-bb4b29648562","Fitness Blender's Free 5-Day Workout Challenge: For Busy People, Day 1","https://www.youtube.com/embed/A4y4FDoUz70?rel=0&&showinfo=0"
"32830b00-ac2f-11e9-8a69-bb4b29648562","Bodyweight Only Upper Body Workout - Killer Arms, Shoulders, and Upper Back Workout","https://www.youtube.com/embed/X3TcVT-g1-w?rel=0&&showinfo=0"
"33164a50-ac2f-11e9-8a69-bb4b29648562","Butt and Thigh Workout with Fat Burning HIIT Cardio - Legs On Fire!","https://www.youtube.com/embed/qFYpy48x4ys?rel=0&&showinfo=0"
"33a89f40-ac2f-11e9-8a69-bb4b29648562","Abs and Obliques Workout - The 4 Best Abs and Obliques Exercises","https://www.youtube.com/embed/0s7CWF159SE?rel=0&&showinfo=0"
"34477750-ac2f-11e9-8a69-bb4b29648562","Low Impact HIIT Cardio Workout - The 4 Best Low Impact Cardio Exercises for Fat Loss and Toning","https://www.youtube.com/embed/YlsGj8v6hPs?rel=0&&showinfo=0"
"34d5fbb0-ac2f-11e9-8a69-bb4b29648562","Upper Body HIIT Workout - The 4 Best Exercises to get Rid of Flabby Arms","https://www.youtube.com/embed/VrSbzlkiGN0?rel=0&&showinfo=0"
"3663eeb0-ac2f-11e9-8a69-bb4b29648562","Butt and Thigh HIIT Cardio Workout to Banish Fat & Boost Energy","https://www.youtube.com/embed/8uGgE0lzBX4?rel=0&&showinfo=0"
"36f11380-ac2f-11e9-8a69-bb4b29648562","The Scientific 7 Minute Workout Video -  Bodyweight Only Total Body Workout","https://www.youtube.com/embed/Jru5B044HOs?rel=0&&showinfo=0"
"37923580-ac2f-11e9-8a69-bb4b29648562","HIIT Cardio, Abs and Yoga Workout - Fun Mashup with Beginner, Intermediate & Advanced Options","https://www.youtube.com/embed/QO1Ld204fgk?rel=0&&showinfo=0"
"38304a40-ac2f-11e9-8a69-bb4b29648562","At Home 10 Minute Butt & Thigh Workout - FB Raw","https://www.youtube.com/embed/z0f_68vLRh4?rel=0&&showinfo=0"
"39523500-ac2f-11e9-8a69-bb4b29648562","Day 5 - HIIT Cardio Butt and Thigh Workout - 5 Day Workout Challenge to Burn Fat & Build Lean Muscle","https://www.youtube.com/embed/dz1NQwHS3pU?rel=0&&showinfo=0"
"39fccce0-ac2f-11e9-8a69-bb4b29648562","Day 4 - 5 Day Workout Challenge to Burn Fat & Build Lean Muscle - Kickboxing & Yoga Workout","https://www.youtube.com/embed/v4hrXKrWLc4?rel=0&&showinfo=0"
"3a8d4d10-ac2f-11e9-8a69-bb4b29648562","Day 3 - 5 Day Workout Challenge to Burn Fat & Build Lean Muscle - HIIT Cardio & Abs","https://www.youtube.com/embed/dNGrJGLa4iw?rel=0&&showinfo=0"
"3c4a6660-ac2f-11e9-8a69-bb4b29648562","Day 2: Fitness Blender's 5 Day Workout Challenge to Burn Fat and Build Lean Muscle","https://www.youtube.com/embed/mIgTqqCJvI0?rel=0&&showinfo=0"
"3cec24a0-ac2f-11e9-8a69-bb4b29648562","Fun 10 Minute Abs and Obliques Workout - Quick 10 Minute Abs Workout for A Toned Stomach","https://www.youtube.com/embed/qbqPtKQVqkk?rel=0&&showinfo=0"
"3d774da0-ac2f-11e9-8a69-bb4b29648562","Fat Burning Tank Top Arms Workout - Cardio Intervals + Upper Body Strength Training","https://www.youtube.com/embed/TSDS8KixaQ0?rel=0&&showinfo=0"
"3e836670-ac2f-11e9-8a69-bb4b29648562","Low Impact Cardio Workout - Total Body Workout for Beginner to Intermediate","https://www.youtube.com/embed/gke_wunq7Ng?rel=0&&showinfo=0"
"3f638d40-ac2f-11e9-8a69-bb4b29648562","Day 1: Fitness Blender's 5 Day Workout Challenge to Burn Fat & Build Lean Muscle","https://www.youtube.com/embed/IR31lyaxJE4?rel=0&&showinfo=0"
"3ff6f3a0-ac2f-11e9-8a69-bb4b29648562","Insane Cardio Workout Challenge - Climbing the Mountain: Ladder Workout - Hardest Workout Yet?","https://www.youtube.com/embed/WWylm909H_w?rel=0&&showinfo=0"
"40799120-ac2f-11e9-8a69-bb4b29648562","Advanced Abs Workout - 5 Minute Weighted Abs Workout","https://www.youtube.com/embed/c45MGfwJQlg?rel=0&&showinfo=0"
"41b5baa0-ac2f-11e9-8a69-bb4b29648562","Bodyweight Only Fat Burning HIIT Cardio Workout + Total Body Toning: Fitness Blender Blend","https://www.youtube.com/embed/7f9XpgN9f6k?rel=0&&showinfo=0"
"424a3270-ac2f-11e9-8a69-bb4b29648562","Standing Abs and Obliques Workout Without Crunches: Intermediate to Advanced Standing Abs Exercises","https://www.youtube.com/embed/CNvp6sL7hks?rel=0&&showinfo=0"
"42d07970-ac2f-11e9-8a69-bb4b29648562","15 Minute Total Body HIIT Workout - Advanced Bodyweight Exercises to Burn Fat Fast","https://www.youtube.com/embed/CamSXRh01EI?rel=0&&showinfo=0"
"43785230-ac2f-11e9-8a69-bb4b29648562","Leg Slimming Pilates Butt and Thigh Workout to Lift Glutes & Tone Thighs","https://www.youtube.com/embed/Womx4TM6p3A?rel=0&&showinfo=0"
"44157c90-ac2f-11e9-8a69-bb4b29648562","44 Minute Cardio, HIIT, Total Body Strength, Stretching and Abs Workout - FB Blend","https://www.youtube.com/embed/oudLZLcA3Gs?rel=0&&showinfo=0"
"4574e580-ac2f-11e9-8a69-bb4b29648562","Cardio HIIT Workout + Butt, Thighs, Abs: Ultimate Workout for Belly Fat Loss, No Equipment","https://www.youtube.com/embed/Ea6o73uwVYM?rel=0&&showinfo=0"
"460bce50-ac2f-11e9-8a69-bb4b29648562","Total Body HIIT and Kick - Cardio Kickboxing and High Intensity Interval Training Combo","https://www.youtube.com/embed/fQZRMqFFNYA?rel=0&&showinfo=0"
"46dcd9f0-ac2f-11e9-8a69-bb4b29648562","Biceps and Triceps Superset Strength Workout - Upper Body Strength Routine","https://www.youtube.com/embed/KqZG-vlcYhg?rel=0&&showinfo=0"
"47bab6d0-ac2f-11e9-8a69-bb4b29648562","Belly Fat Burner HIIT - High Intensity Interval Training Workout with No Equipment","https://www.youtube.com/embed/_9Wls5hni0E?rel=0&&showinfo=0"
"49485bb0-ac2f-11e9-8a69-bb4b29648562","Daniel's Favorite Lower Back Stretches for Stiff Sore Muscles","https://www.youtube.com/embed/0lM1BKzTN5A?rel=0&&showinfo=0"
"49df1d70-ac2f-11e9-8a69-bb4b29648562","20 Minute Total Body Active Static Workout - At Home Bodyweight Workout","https://www.youtube.com/embed/AMsasySAi1M?rel=0&&showinfo=0"
"4a983440-ac2f-11e9-8a69-bb4b29648562","Quick Abs and Obliques Workout Video - At Home Abs Workout","https://www.youtube.com/embed/jCaF4Gm67io?rel=0&&showinfo=0"
"4b3e3840-ac2f-11e9-8a69-bb4b29648562","Fat Burning Bodyweight Workout - Pyramid HIIT Workout","https://www.youtube.com/embed/3sprMYJifuw#t=38?rel=0&&showinfo=0"
"4d1960e0-ac2f-11e9-8a69-bb4b29648562","Kelli's Superset Total Body Strength Workout: Calorie Torching, Muscle Building, Fat Burning Workout","https://www.youtube.com/embed/nM-Z3axdxUg?rel=0&&showinfo=0"
"4da2b520-ac2f-11e9-8a69-bb4b29648562","Partner Yoga Workout - Feel Good Partner Stretches - Toning & Stretching Workout","https://www.youtube.com/embed/99uYEteT-UI?rel=0&&showinfo=0"
"4e4de940-ac2f-11e9-8a69-bb4b29648562","Low Impact Cardio Workout: No-Jump Belly Fat Burner Interval Workout","https://www.youtube.com/embed/9OVKJsNkMpE?rel=0&&showinfo=0"
"4f59b3f0-ac2f-11e9-8a69-bb4b29648562","100 Rep Lunge Challenge - Thigh Toning, Butt Lifting Lunge Workout","https://www.youtube.com/embed/j0GT6daJg3o?rel=0&&showinfo=0"
"5019f6b0-ac2f-11e9-8a69-bb4b29648562","Tank Top Arms Workout - Best Upper Body Workout for Toned Arms, Shoulders & Upper Back","https://www.youtube.com/embed/XsVjeEx2RNI?rel=0&&showinfo=0"
"50c551e0-ac2f-11e9-8a69-bb4b29648562","1000 Calorie Workout Video: HIIT, Strength Training, Abs and Obliques Workout to Burn 1000 Calories","https://www.youtube.com/embed/OgFaIqVQPsE?rel=0&&showinfo=0"
"515ab410-ac2f-11e9-8a69-bb4b29648562","100 Rep Squat Challenge #2: Most Effective Squat Challenge Workout to Lift & Shape the Butt & Thighs","https://www.youtube.com/embed/3FNAoJpGbrI?rel=0&&showinfo=0"
"51fb60e0-ac2f-11e9-8a69-bb4b29648562","Pilates Abs, Butt and Thighs Workout - Low Impact Pilates Workout with Daniel and Kelli","https://www.youtube.com/embed/zdNlYAugUtg?rel=0&&showinfo=0"
"53cdafe0-ac2f-11e9-8a69-bb4b29648562","Calorie Blast Kettlebell Workout - 20 Minute Kettlebell Workout","https://www.youtube.com/embed/MoCProRSJHw?rel=0&&showinfo=0"
"547c1850-ac2f-11e9-8a69-bb4b29648562","Refresh, Relax, and Restore: Stretching Workout for Tight Muscles","https://www.youtube.com/embed/Pp8UNgkcAYs?rel=0&&showinfo=0"
"550b38f0-ac2f-11e9-8a69-bb4b29648562","Restorative Yoga Pilates Workout to Improve Mood & Circulation - Relaxing Stretching Workout","https://www.youtube.com/embed/hIFB6xJilBs?rel=0&&showinfo=0"
"559d66d0-ac2f-11e9-8a69-bb4b29648562","Fun Kickboxing and HIIT Cardio Workout Challenge - HIIT Fat Burner with Warm Up & Cool Down","https://www.youtube.com/embed/HRXyTHFL02U?rel=0&&showinfo=0"
"56f4e080-ac2f-11e9-8a69-bb4b29648562","Best Butt Workout to Build a Booty and Tone Thighs - Butt & Thigh Workout","https://www.youtube.com/embed/HCdCjUVx1OA?rel=0&&showinfo=0"
"57d4b930-ac2f-11e9-8a69-bb4b29648562","Quick Sweat Cardio Burst - Fast Fat Burning Cardio Workout with Kelli & Daniel","https://www.youtube.com/embed/bYO8V-6IFs0?rel=0&&showinfo=0"
"5872cdf0-ac2f-11e9-8a69-bb4b29648562","8 Minute Abs - Core Firming at Home Ab Workout","https://www.youtube.com/embed/COk2CJkiHlw?rel=0&&showinfo=0"
"590aef40-ac2f-11e9-8a69-bb4b29648562","Lower Body Workout with Kelli and Daniel - 40 Minute At Home Butt and Thigh Workout","https://www.youtube.com/embed/CTdnEiVI3_Q?rel=0&&showinfo=0"
"5a5151f0-ac2f-11e9-8a69-bb4b29648562","Six Pack Burn Out - Intense Abs Workout","https://www.youtube.com/embed/v-KZ3R1f2Ps?rel=0&&showinfo=0"
"5b31c6e0-ac2f-11e9-8a69-bb4b29648562","Stretching, Pilates, Yoga Workout Blend - Relaxing Stretching Routine to Relieve Stress & Back Pain","https://www.youtube.com/embed/-VXIVZXYyFo?rel=0&&showinfo=0"
"5bc2bc40-ac2f-11e9-8a69-bb4b29648562","Insane HIIT Challenge - Bodyweight Only High Intensity Interval Training Workout","https://www.youtube.com/embed/EG3E1KX3Ti4?rel=0&&showinfo=0"
"5c575b20-ac2f-11e9-8a69-bb4b29648562","Standing Abs Workout - Standing Abs Exercises to Tone Abs, Obliques & Lower Back","https://www.youtube.com/embed/zrwuS2E83Bc?rel=0&&showinfo=0"
"5ecf6000-ac2f-11e9-8a69-bb4b29648562","Get Moving! Easy Calorie Burning Cardio Warm Up Workout","https://www.youtube.com/embed/ns8JUSLod1I?rel=0&&showinfo=0"
"5f581800-ac2f-11e9-8a69-bb4b29648562","Butt and Thigh Workout - Glutes, Calves, Outer and Inner Thigh Workout","https://www.youtube.com/embed/jIpElxbgyFk?rel=0&&showinfo=0"
"5ff171d0-ac2f-11e9-8a69-bb4b29648562","1000 Calorie Workout Video: 94 Minute Insane Bodyweight Workout Challenge - Attempt at Your Own Risk","https://www.youtube.com/embed/1nT3UzonVlg?rel=0&&showinfo=0"
"60968b70-ac2f-11e9-8a69-bb4b29648562","Total Body Boot Camp Round 2","https://www.youtube.com/embed/lltLJGmNnRg?rel=0&&showinfo=0"
"614fa240-ac2f-11e9-8a69-bb4b29648562","Brutal HIIT Ladder Workout Round 2 - Advanced Workout to Push Your Limits","https://www.youtube.com/embed/Diu-uPL7h5M?rel=0&&showinfo=0"
"6319b3e0-ac2f-11e9-8a69-bb4b29648562","Total Body and Core Sandbag Workout Video","https://www.youtube.com/embed/e7KO94aH7SI?rel=0&&showinfo=0"
"63bd6df0-ac2f-11e9-8a69-bb4b29648562","40 Minute Brutal HIIT Cardio and Kettlebell Workout - Workout to Build Lean Muscle and Burn Fat Fast","https://www.youtube.com/embed/olHsny-iSA8?rel=0&&showinfo=0"
"64693e50-ac2f-11e9-8a69-bb4b29648562","Low Impact Lower Body and Core Tabata Workout","https://www.youtube.com/embed/j-kLtTJ5ri8?rel=0&&showinfo=0"
"651d7320-ac2f-11e9-8a69-bb4b29648562","20 Minute Butt and Thigh Workout - Cardio Step Workout Video with Warm Up & Cool Down","https://www.youtube.com/embed/29SHXdBE4-o?rel=0&&showinfo=0"
"65c1f080-ac2f-11e9-8a69-bb4b29648562","The Dirty 300 Challenge - Brutal 300 Rep Workout to Burn Fat and Build Endurance","https://www.youtube.com/embed/iZPfQuvU1GU?rel=0&&showinfo=0"
"67352f90-ac2f-11e9-8a69-bb4b29648562","Lake Cool Down Yoga Workout - Fluid Yoga Stretches for Flexibility and Stress Relief","https://www.youtube.com/embed/jkkxMVDogBM?rel=0&&showinfo=0"
"68612c70-ac2f-11e9-8a69-bb4b29648562","Quick Yoga Cool Down and Stretch - Cool Down Stretches","https://www.youtube.com/embed/FAKaKgmn76E?rel=0&&showinfo=0"
"6916c0d0-ac2f-11e9-8a69-bb4b29648562","5 Minute Butt and Thigh Workout for a Bigger Butt - Exercises to Lift and Tone Your Butt and Thighs","https://www.youtube.com/embed/afghBre8NlI?rel=0&&showinfo=0"
"69c57760-ac2f-11e9-8a69-bb4b29648562","Fat Burning Cardio Step Workout for Butt and Thighs - Step Aerobics Workout Video","https://www.youtube.com/embed/rV-87UCJvoQ?rel=0&&showinfo=0"
"6a76ed10-ac2f-11e9-8a69-bb4b29648562","Upper Body Strength Training and Core Workout - Abs and Upper Body Supersets","https://www.youtube.com/embed/TkII8-Q4gbw?rel=0&&showinfo=0"
"6b0f8390-ac2f-11e9-8a69-bb4b29648562","Kelli's 5 Minute Kettlebell Workout for Butt and Thighs - Fast & Effective Kettlebell Workout Video","https://www.youtube.com/embed/G8RdbvvMYCc?rel=0&&showinfo=0"
"6c6bb830-ac2f-11e9-8a69-bb4b29648562","Non-Stop Endurance Kettlebell Workout - 33 Minute Total Body Kettlebell Routine","https://www.youtube.com/embed/iZhDo2KhqY8?rel=0&&showinfo=0"
"6d0e39c0-ac2f-11e9-8a69-bb4b29648562","5 Minute Abs and Obliques Workout - Abs Exercises for a Strong Toned Core","https://www.youtube.com/embed/4ctMKApSpz8?rel=0&&showinfo=0"
"6dbe28d0-ac2f-11e9-8a69-bb4b29648562","Pilates Lower Body Workout to Tighten and Tone the Butt and Thighs","https://www.youtube.com/embed/9rbEqYCkXgo?rel=0&&showinfo=0"
"6e787820-ac2f-11e9-8a69-bb4b29648562","Bodyweight Cardio Calorie Blaster - 30 Minute Cardio Workout at Home","https://www.youtube.com/embed/aPTeuiy0fpo?rel=0&&showinfo=0"
"70de5490-ac2f-11e9-8a69-bb4b29648562","Build a Booty Workout - 27 Minute Butt and Thigh Workout for a Round Lifted Butt & Great Legs","https://www.youtube.com/embed/WXB9II-u4CE?rel=0&&showinfo=0"
"7192fe90-ac2f-11e9-8a69-bb4b29648562","Total Body Strength Training and Core Workout for Beginners - Low Impact Workout at Home","https://www.youtube.com/embed/Gze8oMuj4as?rel=0&&showinfo=0"
"725bccd0-ac2f-11e9-8a69-bb4b29648562","Cardio and Total Body Toning Boot Camp Workout - Quick Sweat Bodyweight Cardio","https://www.youtube.com/embed/0hec67I04P8?rel=0&&showinfo=0"
"73172d90-ac2f-11e9-8a69-bb4b29648562","Remix: Fast and Slow Cardio Intervals - Fun Fat Burning Cardio Workout","https://www.youtube.com/embed/wiQUvZ5AIWI?rel=0&&showinfo=0"
"765568a0-ac2f-11e9-8a69-bb4b29648562","At Home Butt and Thigh Workout Video with Cardio Intervals - Fat Burning Cardio + Lower Body Toning","https://www.youtube.com/embed/I2PKsIVIsz8?rel=0&&showinfo=0"
"7878e4e0-ac2f-11e9-8a69-bb4b29648562","Cardio Kickboxing Workout to Burn Fat at Home - Kickboxing Cardio Interval Workout","https://www.youtube.com/embed/Vve4BVTZ0QU?rel=0&&showinfo=0"
"7929e560-ac2f-11e9-8a69-bb4b29648562","Total Body Toning Strength and HIIT Cardio Workout - You vs You","https://www.youtube.com/embed/bgyebWOm3fY?rel=0&&showinfo=0"
"79b9c950-ac2f-11e9-8a69-bb4b29648562","HIIT Cardio and Abs Workout - Insane At Home Fat Burner - Interval Cardio Training and Core","https://www.youtube.com/embed/eHUX2Gz_dhg?rel=0&&showinfo=0"
"7a5ee2f0-ac2f-11e9-8a69-bb4b29648562","Mom and Baby Workout - AKA The Difficulties of Working Out With a Baby","https://www.youtube.com/embed/5dFMbe5J22A?rel=0&&showinfo=0"
"7bc15920-ac2f-11e9-8a69-bb4b29648562","Cardio Workout at Home - Bodyweight Cardio to Burn Fat Fast","https://www.youtube.com/embed/7ea1BfxnlNo?rel=0&&showinfo=0"
"7d163ac0-ac2f-11e9-8a69-bb4b29648562","Total Body Warm Up Cardio - 5 Minute Warm Up Workout","https://www.youtube.com/embed/GCzecFateXc?rel=0&&showinfo=0"
"7e06b540-ac2f-11e9-8a69-bb4b29648562","Lower Body Active Stretching Routine - Low Impact Workout to Tone and Stretch","https://www.youtube.com/embed/NNkH4vDaVIo?rel=0&&showinfo=0"
"7ee8b0d0-ac2f-11e9-8a69-bb4b29648562","10 Minute Abs Workout - At Home Abs and Obliques Exercises with No Equipment","https://www.youtube.com/embed/qniTvaPXESA?rel=0&&showinfo=0"
"7fa52300-ac2f-11e9-8a69-bb4b29648562","Upper Body Active Stretch Workout - Arms, Shoulder, Chest, and Back Stretching Exercises","https://www.youtube.com/embed/VULt--bcWd0?rel=0&&showinfo=0"
"80da95c0-ac2f-11e9-8a69-bb4b29648562","Upper Body Superset Workout with Fat Burning Cardio Intervals - Arm, Chest, Back & Shoulder Workout","https://www.youtube.com/embed/j7HnFtNmDl4?rel=0&&showinfo=0"
"81671e50-ac2f-11e9-8a69-bb4b29648562","HIIT Cardio Kickboxing plus Core Workout - 33 Minute Cardio and Abs Workout","https://www.youtube.com/embed/-dthjOzzS84?rel=0&&showinfo=0"
"81f0c0b0-ac2f-11e9-8a69-bb4b29648562","Fat Burning HIIT Cardio Workout - High Intensity Interval Training with Warm Up & Cool Down","https://www.youtube.com/embed/VhdXXqcoco0?rel=0&&showinfo=0"
"82c99480-ac2f-11e9-8a69-bb4b29648562","Brutal Anaerobic Threshold HIIT - Fat Burning HIIT Cardio","https://www.youtube.com/embed/o8wQ9w9yfDo?rel=0&&showinfo=0"
"83b9e7f0-ac2f-11e9-8a69-bb4b29648562","No Equipment Upper Body Workout for Great Arms, Shoulders and Upper Back","https://www.youtube.com/embed/CRGrcSDhynQ?rel=0&&showinfo=0"
"84455f10-ac2f-11e9-8a69-bb4b29648562","Quick Leg Burn - Beginner to Advanced Lower Body Workout Routine","https://www.youtube.com/embed/7Ihm2168uqU?rel=0&&showinfo=0"
"85bc95c0-ac2f-11e9-8a69-bb4b29648562","Stress Busting Yoga Pilates Workout - Relaxing Stretch Workout for Flexibility","https://www.youtube.com/embed/jBgD7N_7K7w?rel=0&&showinfo=0"
"882e5910-ac2f-11e9-8a69-bb4b29648562","Kelli's Upper Body Workout for Arms, Shoulders and Upper Back - Upper Body Superset Workout","https://www.youtube.com/embed/Iy94s9HP0W8?rel=0&&showinfo=0"
"890e31c0-ac2f-11e9-8a69-bb4b29648562","Killer at Home Chest Workout - Chest Workout Without Weights","https://www.youtube.com/embed/Bi1IRzJIoAo?rel=0&&showinfo=0"
"89afc8f0-ac2f-11e9-8a69-bb4b29648562","SweatFest Butt and Thigh Cardio Workout - Calorie Blasting Interval Cardio for Lower Body","https://www.youtube.com/embed/xnM9chgA8wQ#t=1801?rel=0&&showinfo=0"
"8ac00070-ac2f-11e9-8a69-bb4b29648562","Better Posture Workout - Exercises to Improve Posture and Prevent Hunched Shoulders","https://www.youtube.com/embed/ahPse5W9Eyo?rel=0&&showinfo=0"
"8ba88bb0-ac2f-11e9-8a69-bb4b29648562","Advanced Core Burning Workout - Challenging 20 Minute Abs and Obliques Workout","https://www.youtube.com/embed/eGOjsVVWVbw?rel=0&&showinfo=0"
"8c480000-ac2f-11e9-8a69-bb4b29648562","Advanced Sandbag Workout - Total Body Sandbag Training Burnout","https://www.youtube.com/embed/91cre-0ByMc?rel=0&&showinfo=0"
"8cfc0dc0-ac2f-11e9-8a69-bb4b29648562","Butt and Thigh Workout - Cardio, Plyo, Pilates and Strength Training Workout for Lower Body","https://www.youtube.com/embed/-_yK_PDR8mc?rel=0&&showinfo=0"
"8d8b5570-ac2f-11e9-8a69-bb4b29648562","Fat Burning HIIT Pilates Workout - Pilates and HIIT Cardio Blend","https://www.youtube.com/embed/G9TSbIrp8qQ#t=637?rel=0&&showinfo=0"
"8f085880-ac2f-11e9-8a69-bb4b29648562","Kelli's Abs and Upper Body Strength Training Workout - Chest, Back, Arms and Abs Superset Workout","https://www.youtube.com/embed/TKYPySNKZHo?rel=0&&showinfo=0"
"8f9f6860-ac2f-11e9-8a69-bb4b29648562","Mass Workout for Legs - At Home Lower Body Barbell Workout","https://www.youtube.com/embed/iPIHSBMwALg?rel=0&&showinfo=0"
"90342e50-ac2f-11e9-8a69-bb4b29648562","Brutal Butt & Thigh Workout - 30 Minute Lower Body Sculpting - Drop it Like a Squat!","https://www.youtube.com/embed/11JXbBBgfWg?rel=0&&showinfo=0"
"90bfcc80-ac2f-11e9-8a69-bb4b29648562","Fast Paced High Intensity Workout - Descending Ladder of Pain","https://www.youtube.com/embed/LeLiGwy7BII?rel=0&&showinfo=0"
"9156b550-ac2f-11e9-8a69-bb4b29648562","8 Minute Abs Workout - Quick Abs and Obliques Workout","https://www.youtube.com/embed/NMU0zl3dgB4?rel=0&&showinfo=0"
"929ace10-ac2f-11e9-8a69-bb4b29648562","Strength and Interval Cardio Blend to Burn Fat - Total Body Sandbag Workout Video","https://www.youtube.com/embed/BIN7FhGB9jM?rel=0&&showinfo=0"
"93ea0a60-ac2f-11e9-8a69-bb4b29648562","Pilates Butt and Thigh Burnout - Squat Free Workout for a Lifted, Round Butt and Toned Thighs","https://www.youtube.com/embed/JgJTg-Vr_YI?rel=0&&showinfo=0"
"949e8d50-ac2f-11e9-8a69-bb4b29648562","Low Impact Cardio Workout for Beginners - Recovery Cardio Workout with no Jumping","https://www.youtube.com/embed/8A6Uai5sQVw?rel=0&&showinfo=0"
"955448c0-ac2f-11e9-8a69-bb4b29648562","Total Body Sandbag Training for Fat Burning, Strength & Endurance - 26 Minute Sandbag Workout Video","https://www.youtube.com/embed/ueeUf-AMPiI?rel=0&&showinfo=0"
"95e983e0-ac2f-11e9-8a69-bb4b29648562","Metabolism Boosting 5 Minute Kettlebell Cardio Workout","https://www.youtube.com/embed/x0uJgHY_GOU?rel=0&&showinfo=0"
"9728e1b0-ac2f-11e9-8a69-bb4b29648562","Low Impact Workout for Beginners - 40 Minute Total Body Beginner Workout","https://www.youtube.com/embed/QiuJ3ZFAiBg?rel=0&&showinfo=0"
"9ad17750-ac2f-11e9-8a69-bb4b29648562","Relaxing Pilates Yoga Blend - Calming Yoga and Pilates Workout for Strength and Flexibility","https://www.youtube.com/embed/u-Xeeu2iZf0?rel=0&&showinfo=0"
"9b5bb5f0-ac2f-11e9-8a69-bb4b29648562","Upper Body Kettlebell Training for Strength - 30 Minute Kettlebell Workout Video","https://www.youtube.com/embed/0RGd8_DRmzY?rel=0&&showinfo=0"
"9beb24b0-ac2f-11e9-8a69-bb4b29648562","Butt and Abs Tabata Workout - Fat Blasting Cardio Interval Workout","https://www.youtube.com/embed/FSRu6D_0rVE?rel=0&&showinfo=0"
"9ced0450-ac2f-11e9-8a69-bb4b29648562","1000 Calorie Workout - HIIT Cardio, Strength, Kickboxing and Abs Workout to Burn 1000 Calories","https://www.youtube.com/embed/ubT6qNnUmQw?rel=0&&showinfo=0"
"9dcc67d0-ac2f-11e9-8a69-bb4b29648562","Fat Burning Cardio Workout for Butt and Thighs with Yoga Cool Down","https://www.youtube.com/embed/lqYzLInp-UI?rel=0&&showinfo=0"
"9e7c08c0-ac2f-11e9-8a69-bb4b29648562","Abs Boot Camp Workout - Abs and Obliques Workout","https://www.youtube.com/embed/yLN-NAazKeg?rel=0&&showinfo=0"
"9f2233d0-ac2f-11e9-8a69-bb4b29648562","Total Body Boot Camp Workout for Lean Muscles - Work for What You Want","https://www.youtube.com/embed/SUkN6IbWzRc?rel=0&&showinfo=0"
"a08df8d0-ac2f-11e9-8a69-bb4b29648562","Bodyweight Cardio Workout - Interval Cardio Training","https://www.youtube.com/embed/wvau9wZ6_8k?rel=0&&showinfo=0"
"a127c7d0-ac2f-11e9-8a69-bb4b29648562","Kelli's Booty Workout - Ultimate Butt and Thigh Workout for a Round Lifted Butt","https://www.youtube.com/embed/jkDb-1L47x8?rel=0&&showinfo=0"
"a1bc8dc0-ac2f-11e9-8a69-bb4b29648562","Total Body Strength Barbell Workout - Dumbbell or Barbell Exercises for Strength","https://www.youtube.com/embed/MaFkoVu59hY?rel=0&&showinfo=0"
"a2599110-ac2f-11e9-8a69-bb4b29648562","Total Body HIIT Boot Camp Workout - Quick Tabata Workout","https://www.youtube.com/embed/IjjknUdynbA?rel=0&&showinfo=0"
"a3b8fa00-ac2f-11e9-8a69-bb4b29648562","Upper Body Strength and Cardio Workout - Upper Body Superset Workout","https://www.youtube.com/embed/PWSgCYC4UI0?rel=0&&showinfo=0"
"a44f94b0-ac2f-11e9-8a69-bb4b29648562","Fast 5 Minute Cool Down and Stretching Workout for Busy People","https://www.youtube.com/embed/u5Hr3rNUZ24?rel=0&&showinfo=0"
"a4e3be60-ac2f-11e9-8a69-bb4b29648562","Advanced Abs and Core for Strength - Abdominal Strength Training","https://www.youtube.com/embed/d4CZXqA45nA?rel=0&&showinfo=0"
"a58a3790-ac2f-11e9-8a69-bb4b29648562","450 Rep Home Cardio Workout - Total Body Endurance Cardio Workout to Banish Fat","https://www.youtube.com/embed/5G7tYJ8xdMk?rel=0&&showinfo=0"
"a69ba790-ac2f-11e9-8a69-bb4b29648562","Quick Cool Down Stretching Workout Routine","https://www.youtube.com/embed/i9u-svNHgao?rel=0&&showinfo=0"
"a774f090-ac2f-11e9-8a69-bb4b29648562","Berserker HIIT Workout Challenge - Crazy Intense Home Workout","https://www.youtube.com/embed/fx9Lx9S4_xg?rel=0&&showinfo=0"
"a82024b0-ac2f-11e9-8a69-bb4b29648562","Jumping Rope Workout - 18 Minute Cardio Interval Workout","https://www.youtube.com/embed/l2GFEBRC0m8?rel=0&&showinfo=0"
"a8c27f30-ac2f-11e9-8a69-bb4b29648562","HIIT Like a Girl Round 2 - Fat Burning HIIT Cardio Workout","https://www.youtube.com/embed/GzvAC-9MawU?rel=0&&showinfo=0"
"aa2ee070-ac2f-11e9-8a69-bb4b29648562","Freeze and Squeeze Bodyweight Boot Camp - Active and Static Interval Workout Challenge","https://www.youtube.com/embed/-yNfdhsgz24?rel=0&&showinfo=0"
"ab9d3d80-ac2f-11e9-8a69-bb4b29648562","Total Body Burnout Challenge - Descending Ladder Low Impact Workout for Endurance","https://www.youtube.com/embed/YCCYBNlzUcg?rel=0&&showinfo=0"
"ac43ddc0-ac2f-11e9-8a69-bb4b29648562","Kickboxing + HIIT Workout Blend: Fat Burning Interval Cardio Workout at Home","https://www.youtube.com/embed/rpz1U9U7F_g?rel=0&&showinfo=0"
"ad677630-ac2f-11e9-8a69-bb4b29648562","Quick and Fearless Kettlebell Cardio Workout - Ultimate Fat Burn Workout for the Entire Body","https://www.youtube.com/embed/B6k4jH_qLUY?rel=0&&showinfo=0"
"ae516100-ac2f-11e9-8a69-bb4b29648562","Happy, Healthy, Strong Body Boot Camp - Strength and Cardio Tabata Workout","https://www.youtube.com/embed/PU1NL-S9-NY?rel=0&&showinfo=0"
"aef1e6c0-ac2f-11e9-8a69-bb4b29648562","30 Minute At Home Abs & HIIT Cardio Workout for Fat Loss - HIIT Happens","https://www.youtube.com/embed/FzPFbOw4SCM?rel=0&&showinfo=0"
"af891db0-ac2f-11e9-8a69-bb4b29648562","Low Impact Abs, Butt and Thighs Workout - Feel Good Total Body Sculpt and Stretch","https://www.youtube.com/embed/qULT-kdDEC4?rel=0&&showinfo=0"
"b0986ad0-ac2f-11e9-8a69-bb4b29648562","Spartan 500 Workout Round 2 - 500 Repetition Workout Challenge","https://www.youtube.com/embed/MPb_0GC8HlQ?rel=0&&showinfo=0"
"b1b9e060-ac2f-11e9-8a69-bb4b29648562","Goodbye Stress Calming Stretching Workout - Full Body Yoga Infused Stretching Routine","https://www.youtube.com/embed/fxsQr7YOq7o?rel=0&&showinfo=0"
"b297bd40-ac2f-11e9-8a69-bb4b29648562","Bikini Body Pilates - 27 Minute Butt, Thigh, and Abs Pilates Workout","https://www.youtube.com/embed/OjeveoQgp6I?rel=0&&showinfo=0"
"b3336100-ac2f-11e9-8a69-bb4b29648562","Chest and Back Superset Workout - At Home Dumbbell Workout for Strength and Size","https://www.youtube.com/embed/5p6F8sA0uRo?rel=0&&showinfo=0"
"b3c14920-ac2f-11e9-8a69-bb4b29648562","Total Body Strength Training & Bodyweight Cardio Intervals - Sore Today Strong Tomorrow","https://www.youtube.com/embed/Cc02cDOHWrY?rel=0&&showinfo=0"
"b4fb01a0-ac2f-11e9-8a69-bb4b29648562","HIIT Quick & HIIT Hard - Tabata Style High Intensity Interval Training","https://www.youtube.com/embed/6bYtysQO7pI?rel=0&&showinfo=0"
"b5a54b60-ac2f-11e9-8a69-bb4b29648562","Kona Beach Bodyweight Workout - Surf, Sand and Sweat","https://www.youtube.com/embed/2L5EsIfyFpI?rel=0&&showinfo=0"
"b6492c80-ac2f-11e9-8a69-bb4b29648562","At Home Bodyweight Cardio Interval Workout - Sweat Like You Mean It","https://www.youtube.com/embed/WUg5dP6W0cw?rel=0&&showinfo=0"
"b6d8c250-ac2f-11e9-8a69-bb4b29648562","No Burpee HIIT Cardio and Abs - Fat Burning Bodyweight Cardio without Burpees","https://www.youtube.com/embed/ohGC3AXIlRw?rel=0&&showinfo=0"
"b7b873f0-ac2f-11e9-8a69-bb4b29648562","Tank Top Arms Round 2 - Upper Body Toning Workout","https://www.youtube.com/embed/go8rGQro3dY?rel=0&&showinfo=0"
"b8af3000-ac2f-11e9-8a69-bb4b29648562","Pilates Butt and Thigh Workout For a Round Butt","https://www.youtube.com/embed/qtZtZDdj_80?rel=0&&showinfo=0"
"b94ea450-ac2f-11e9-8a69-bb4b29648562","The Most Effective Squat Challenge: 100 Rep Fitness Blender Squat Challenge","https://www.youtube.com/embed/mGvzVjuY8SY?rel=0&&showinfo=0"
"b9f6cb30-ac2f-11e9-8a69-bb4b29648562","15 Minute Kettlebell Workout Video - 1X10 Kettlebell Training","https://www.youtube.com/embed/gcIFAgnOL9E?rel=0&&showinfo=0"
"bb09e8e0-ac2f-11e9-8a69-bb4b29648562","Cardio and Abs Workout - Abs and Cardio Blender Mashup","https://www.youtube.com/embed/fMdeGCz7SN0?rel=0&&showinfo=0"
"bcbfd640-ac2f-11e9-8a69-bb4b29648562","88 Minute 1000 Calorie Workout Video - Abs, HIIT Cardio, Strength Training and Stretching","https://www.youtube.com/embed/8lvKyuhdAT0?rel=0&&showinfo=0"
"bd5eae50-ac2f-11e9-8a69-bb4b29648562","Jump Rope Cardio HIIT","https://www.youtube.com/embed/f1gyy46tm-U?rel=0&&showinfo=0"
"bdeff1d0-ac2f-11e9-8a69-bb4b29648562","Push Yourself Harder - Total Body Training for a Lean Strong Body - Dumbbell or Kettlebell Workout","https://www.youtube.com/embed/B4JmGtoe9UM?rel=0&&showinfo=0"
"bf781870-ac2f-11e9-8a69-bb4b29648562","Fitness Blender 8 Minute Abs Workout - No Equipment, No Excuses Abs and Obliques","https://www.youtube.com/embed/Z0J28DCkB-I?rel=0&&showinfo=0"
"c01b0f30-ac2f-11e9-8a69-bb4b29648562","Fast Paced Total Body Cardio & Strength Workout - Time Saving Fat Burner","https://www.youtube.com/embed/UPe7hnWiBpY?rel=0&&showinfo=0"
"c0ae2770-ac2f-11e9-8a69-bb4b29648562","Low Impact Cardio and Total Body Toning Workout","https://www.youtube.com/embed/uNrqrk2xcAo?rel=0&&showinfo=0"
"c15711a0-ac2f-11e9-8a69-bb4b29648562","Fat Burning Cardio Workout - 37 Minute Fitness Blender Cardio Workout at Home","https://www.youtube.com/embed/fcN37TxBE_s?rel=0&&showinfo=0"
"c271d070-ac2f-11e9-8a69-bb4b29648562","Quick Total Body Cardio Warm Up","https://www.youtube.com/embed/hsGgI0ThLG8?rel=0&&showinfo=0"
"c3301760-ac2f-11e9-8a69-bb4b29648562","Advanced HIIT Workout - Total Body High Intensity Interval Training","https://www.youtube.com/embed/AFStdx5SCEE?rel=0&&showinfo=0"
"c3c1a900-ac2f-11e9-8a69-bb4b29648562","At Home Upper Body Workout - Comprehensive Superset Upper Body Workout","https://www.youtube.com/embed/GE6pwXWR450?rel=0&&showinfo=0"
"c455f9c0-ac2f-11e9-8a69-bb4b29648562","Quick and Intense Bodyweight HIIT Cardio Workout - Blenders HIIT Harder!","https://www.youtube.com/embed/sr6gfTCHntg?rel=0&&showinfo=0"
"c4d87030-ac2f-11e9-8a69-bb4b29648562","Calorie Blasting Low Impact Cardio Boot Camp - 33 Minute Recovery Cardio Workout","https://www.youtube.com/embed/UdQLw9jPuu4?rel=0&&showinfo=0"
"c6741ed0-ac2f-11e9-8a69-bb4b29648562","Interval Cardio Training and Bicep Workout - Bicep Burnout!","https://www.youtube.com/embed/Ln-T6-XQYWs?rel=0&&showinfo=0"
"c71567e0-ac2f-11e9-8a69-bb4b29648562","Cardio Kickboxing plus Abs and Obliques Workout","https://www.youtube.com/embed/4rE3lmnMtd4?rel=0&&showinfo=0"
"c7ae9aa0-ac2f-11e9-8a69-bb4b29648562","Warm Up Workout Routine - Cardio Warm Up Exercises","https://www.youtube.com/embed/ERdZqyorGfk?rel=0&&showinfo=0"
"c84cfd80-ac2f-11e9-8a69-bb4b29648562","Fat Blasting Total Body Strength and Toning Workout","https://www.youtube.com/embed/tTl6MgjL2E8?rel=0&&showinfo=0"
"c8ec4ac0-ac2f-11e9-8a69-bb4b29648562","Cool Down Workout - Cool Down Stretching Routine","https://www.youtube.com/embed/y3rJ5AzoQzk?rel=0&&showinfo=0"
"c982be60-ac2f-11e9-8a69-bb4b29648562","Strength Training for Arms and Shoulders - Strong Toned Arms Workout","https://www.youtube.com/embed/wtLkKoDJE0g?rel=0&&showinfo=0"
"cb3acea0-ac2f-11e9-8a69-bb4b29648562","Low Impact Cardio Workout - Quiet Cardio Workout at Home","https://www.youtube.com/embed/FXthVpqzacw?rel=0&&showinfo=0"
"cbce8320-ac2f-11e9-8a69-bb4b29648562","Lean Toned Stomach Workout - 10 Minute Abs & Obliques Workout","https://www.youtube.com/embed/RpfNMbM7jIc?rel=0&&showinfo=0"
"cdd5ebe0-ac2f-11e9-8a69-bb4b29648562","HIIT Like you Mean It - Total Body High Intensity Interval Training Workout","https://www.youtube.com/embed/oT8wC6GYwP8?rel=0&&showinfo=0"
"ceb52850-ac2f-11e9-8a69-bb4b29648562","Fast Fat Burning Workout - Cardio Kickboxing HIIT Routine","https://www.youtube.com/embed/q9o0iNYDDkQ?rel=0&&showinfo=0"
"cf4114a0-ac2f-11e9-8a69-bb4b29648562","Tabata Kettlebell Workout and Abs and Obliques Workout - 45 Minute Kettlebell Training","https://www.youtube.com/embed/Ol-jqCmpfr8?rel=0&&showinfo=0"
"d0a9a550-ac2f-11e9-8a69-bb4b29648562","Quick At Home Abs and Obliques Workout Video","https://www.youtube.com/embed/hO3B3zDJcz4?rel=0&&showinfo=0"
"d146f6c0-ac2f-11e9-8a69-bb4b29648562","Butt and Thigh Workout for a Bigger Butt - Workout for a Round Butt and Toned Legs","https://www.youtube.com/embed/OonW6ff7NZ0?rel=0&&showinfo=0"
"d1d999d0-ac2f-11e9-8a69-bb4b29648562","Brutal Kettlebell HIIT Cardio Tabata Workout - Get Your HIIT Together","https://www.youtube.com/embed/kg2Pudd1rnc?rel=0&&showinfo=0"
"d27a46a0-ac2f-11e9-8a69-bb4b29648562","Burpee Madness! Fitness Blender 100 Burpees Workout Challenge","https://www.youtube.com/embed/ZiDrFSdI3yg?rel=0&&showinfo=0"
"d4305b10-ac2f-11e9-8a69-bb4b29648562","Cardio + Lower Body Toning - 44 Min Better Booty Tabata Workout with Yoga Cool Down & Stretch","https://www.youtube.com/embed/RAL9ooNV_Rs?rel=0&&showinfo=0"
"d4cee500-ac2f-11e9-8a69-bb4b29648562","Fitness Blender Kids Workout - 25 Minute Fun Workout for Kids at Home","https://www.youtube.com/embed/McD6_oOWs-M?rel=0&&showinfo=0"
"d57907b0-ac2f-11e9-8a69-bb4b29648562","Thigh Slimming Pilates Butt and Thigh Workout - Free 32 Minute Online Pilates Class","https://www.youtube.com/embed/gugu8jehy7A?rel=0&&showinfo=0"
"d622dc40-ac2f-11e9-8a69-bb4b29648562","When I Say Jump HIIT Cardio - Fun, Brutal Bodyweight Workout","https://www.youtube.com/embed/OKZzB3SqIHs?rel=0&&showinfo=0"
"d79705b0-ac2f-11e9-8a69-bb4b29648562","Pilates Abs and Obliques, Workout - 26 Minute Fitness Blender Online Pilates Class","https://www.youtube.com/embed/lJnRC-_NPM0?rel=0&&showinfo=0"
"d8256300-ac2f-11e9-8a69-bb4b29648562","Fitness Blender Abs and Obliques Workout - 10 Minute Abs Workout","https://www.youtube.com/embed/MrV4vCotio0?rel=0&&showinfo=0"
"d8b56e00-ac2f-11e9-8a69-bb4b29648562","10 Min Abs Workout - At Home Abdominal and Oblique Exercises","https://www.youtube.com/embed/1919eTCoESo?rel=0&&showinfo=0"
"d94970a0-ac2f-11e9-8a69-bb4b29648562","Fitness Blender's HIIT The Deck Cardio Workout","https://www.youtube.com/embed/UwLKVkTqtW4?rel=0&&showinfo=0"
"d9d4e7c0-ac2f-11e9-8a69-bb4b29648562","HIIT And Abs Workout - 63 Minute Ab & Cardio Workout","https://www.youtube.com/embed/s3zAG4zvVpc?rel=0&&showinfo=0"
"db5c4b10-ac2f-11e9-8a69-bb4b29648562","Lower Body Toning Workout - 56 Minute Butt and Thigh Tabata Workout","https://www.youtube.com/embed/d7r8vir2aEg?rel=0&&showinfo=0"
"dbf44550-ac2f-11e9-8a69-bb4b29648562","Butt & Thigh Barre Workout for Long Lean Legs - Beach Barre Workout","https://www.youtube.com/embed/SPEMWR3m0eA?rel=0&&showinfo=0"
"dc8a91e0-ac2f-11e9-8a69-bb4b29648562","Cannon Beach HIIT Cardio Workout - 3 Minute HIIT Routine","https://www.youtube.com/embed/Hfq3YXGVY4U?rel=0&&showinfo=0"
"dd1bae50-ac2f-11e9-8a69-bb4b29648562","Total Body Tabata Workout - 45 Min HIIT and Toning Routine","https://www.youtube.com/embed/Vy9WKyN1rig?rel=0&&showinfo=0"
"dedff390-ac2f-11e9-8a69-bb4b29648562","Light Toning and Stretching Routine for Flexibility","https://www.youtube.com/embed/Sn-YDuAHJUI?rel=0&&showinfo=0"
"dfd772f0-ac2f-11e9-8a69-bb4b29648562","Upper Body Tabata Workout - Intense 60 Minute Back, Shoulders, and Arms Workout","https://www.youtube.com/embed/mGSBbizjLMg?rel=0&&showinfo=0"
"e066baa0-ac2f-11e9-8a69-bb4b29648562","Low Impact Cardio and Toning Workout for Beginners","https://www.youtube.com/embed/GjAhM651ZPU?rel=0&&showinfo=0"
"e12528a0-ac2f-11e9-8a69-bb4b29648562","Fast & Effective Bodyweight Upper Body Workout - Tone Upper Body at Home","https://www.youtube.com/embed/XmqiZOuVVgQ?rel=0&&showinfo=0"
"e1ad9280-ac2f-11e9-8a69-bb4b29648562","When I Say Jump HIIT Cardio Workout Round 2 - 28 Min High Intensity Interval Training","https://www.youtube.com/embed/j3cRRCTREu0?rel=0&&showinfo=0"
"e36cf5c0-ac2f-11e9-8a69-bb4b29648562","1000 Calorie Workout Video - Fitness Blender's 84 Minute HIIT Cardio, Strength, & Abs","https://www.youtube.com/embed/I5COzZlxaI4?rel=0&&showinfo=0"
"e40e65e0-ac2f-11e9-8a69-bb4b29648562","Total Body Toning Yoga Workout for Weight Loss","https://www.youtube.com/embed/cfRIblum7s8?rel=0&&showinfo=0"
"e4a26880-ac2f-11e9-8a69-bb4b29648562","At Home Hamstring Workout Video - Hamstring Exercises with No Equipment","https://www.youtube.com/embed/SUDeeovoSmc?rel=0&&showinfo=0"
"e52ad260-ac2f-11e9-8a69-bb4b29648562","Cardio Kickboxing Workout with Ab Exercises - 37 Minute Fat Melting Routine","https://www.youtube.com/embed/GFUxgIXEHAk?rel=0&&showinfo=0"
"e5bdeaa0-ac2f-11e9-8a69-bb4b29648562","Natural Brazilian Butt Lift Round 2 - Thigh Shaping, Butt Lifting Workout","https://www.youtube.com/embed/3WHiONLTPlE?rel=0&&showinfo=0"
"e65aedf0-ac2f-11e9-8a69-bb4b29648562","Toning Lower Back Workout Routine - Best Lower Back Exercises at Home","https://www.youtube.com/embed/p1GERX3lf3Y?rel=0&&showinfo=0"
"e81b62a0-ac2f-11e9-8a69-bb4b29648562","Yoga Cardio Blend - Yoga Inspired Cardio and Toning Workout","https://www.youtube.com/embed/jT0Hs2rUKNI?rel=0&&showinfo=0"
"e8ad6970-ac2f-11e9-8a69-bb4b29648562","Kettlebell 'til you Drop - Total Body Kettlebell Workout Video","https://www.youtube.com/embed/4wla9HNwbzA?rel=0&&showinfo=0"
"e945d8e0-ac2f-11e9-8a69-bb4b29648562","When I Say Jump HIIT - Total Body Toning and HIIT Cardio Workout","https://www.youtube.com/embed/dlOayNdj_P0?rel=0&&showinfo=0"
"e9d98d60-ac2f-11e9-8a69-bb4b29648562","Epic 1000 Calorie Workout at Home - Total Body HIIT plus Cardio, Strength Training, & Stretching","https://www.youtube.com/embed/ocWjGpBrTjg?rel=0&&showinfo=0"
"ea6b1f00-ac2f-11e9-8a69-bb4b29648562","Quick Cardio Calf Workout at Home - Lower Body and Calf Exercises","https://www.youtube.com/embed/4BFIMpMOw34?rel=0&&showinfo=0"
"eba859f0-ac2f-11e9-8a69-bb4b29648562","Red Light Green Light Workout - Glutes, Abs, and Cardio Workout","https://www.youtube.com/embed/0IYlUbxwzOQ?rel=0&&showinfo=0"
"ecb02d00-ac2f-11e9-8a69-bb4b29648562","Fat Burning Low Impact Cardio Workout at Home - Recovery Cardio Training","https://www.youtube.com/embed/waPCCrftvQA?rel=0&&showinfo=0"
"ed46a0a0-ac2f-11e9-8a69-bb4b29648562","HIIT the Ground Running - 33 Min High Intensity Interval Training for Endurance & Total Body Toning","https://www.youtube.com/embed/H1GDPNYTpqA?rel=0&&showinfo=0"
"eddced30-ac2f-11e9-8a69-bb4b29648562","At Home Total Body Barre Workout - 15 Minute Barre Video","https://www.youtube.com/embed/MneYxp4fqw0?rel=0&&showinfo=0"
"ef0b3400-ac2f-11e9-8a69-bb4b29648562","Kettlebell Workout Routine for Strength","https://www.youtube.com/embed/Z08ua9yZfiw?rel=0&&showinfo=0"
"ef9c9e90-ac2f-11e9-8a69-bb4b29648562","OMG; Oh My Glutes - Bodyweight Cardio & Lower Body Shaping Workout","https://www.youtube.com/embed/ZW-37R3I_2k?rel=0&&showinfo=0"
"f1336b30-ac2f-11e9-8a69-bb4b29648562","Quick Lower Body Workout For Strength - Dumbbell Leg Workout","https://www.youtube.com/embed/Gi_30mJDzFc?rel=0&&showinfo=0"
"f1f6bb30-ac2f-11e9-8a69-bb4b29648562","Fat Burning Plyometric Workout - Plyometric Training for Power, Speed and Increased Vertical","https://www.youtube.com/embed/XcdEsxb0KMw?rel=0&&showinfo=0"
"f2f4a330-ac2f-11e9-8a69-bb4b29648562","No Equipment Cardio Intervals and Upper Body Toning Workout","https://www.youtube.com/embed/ie8udQScmvU?rel=0&&showinfo=0"
"f3843900-ac2f-11e9-8a69-bb4b29648562","100 Repetition Abs and Obliques Workout - 5 Minute Abs Workout","https://www.youtube.com/embed/Po_pWGk3wYc?rel=0&&showinfo=0"
"f415a390-ac2f-11e9-8a69-bb4b29648562","Fat Blasting At Home Cardio Kickboxing Workout Video","https://www.youtube.com/embed/TYGHc9mdH6M?rel=0&&showinfo=0"
"f4b87340-ac2f-11e9-8a69-bb4b29648562","6 Pack Abs Workout - Six Pack Abs or Bust","https://www.youtube.com/embed/aqqwZ_leAMA?rel=0&&showinfo=0"
"f5ccf080-ac2f-11e9-8a69-bb4b29648562","HIIT Cardio and Abs Workout - 30 Minute At Home HIIT Workout with Abs Exercises","https://www.youtube.com/embed/pNZe01hqMW8?rel=0&&showinfo=0"
"f6d2a0b0-ac2f-11e9-8a69-bb4b29648562","Speed Training Workout with Bands - Resistance Band HIIT for Power and Speed","https://www.youtube.com/embed/Hd9o8CR94v4?rel=0&&showinfo=0"
"f7614c20-ac2f-11e9-8a69-bb4b29648562","Feel Good Stretching Workout - Calming Evening or Morning Stretch Routine","https://www.youtube.com/embed/P8DOZRtIIEQ?rel=0&&showinfo=0"
"f8199fa0-ac2f-11e9-8a69-bb4b29648562","Quiet Cardio Workout - Low Impact, Apartment Cardio Workout","https://www.youtube.com/embed/YaJryQEsT94?rel=0&&showinfo=0"
"f8bdcee0-ac2f-11e9-8a69-bb4b29648562","Comprehensive Total Body HIIT Cardio and Core Workout","https://www.youtube.com/embed/NGhZUc00YhE?rel=0&&showinfo=0"
"f97d7560-ac2f-11e9-8a69-bb4b29648562","Quick Arm and Shoulder Workout with Dumbbells","https://www.youtube.com/embed/mGtd0xcJjqw?rel=0&&showinfo=0"
"fb1ec950-ac2f-11e9-8a69-bb4b29648562","Double Kettlebell Workout - 30 Minute Kettlebell Training Routine","https://www.youtube.com/embed/_hK_FID5NNY?rel=0&&showinfo=0"
"fbaf2270-ac2f-11e9-8a69-bb4b29648562","Total Body Strength and Cardio Blend","https://www.youtube.com/embed/gMGF88XMh2s?rel=0&&showinfo=0"
"fc41c580-ac2f-11e9-8a69-bb4b29648562","Best Workouts to Lose Belly Fat Quickly - Cardio, Abs and Obliques Workout","https://www.youtube.com/embed/M_RjP2TB8c8?rel=0&&showinfo=0"
"fd53aab0-ac2f-11e9-8a69-bb4b29648562","No Squat Leg Workout - Squat Free Butt & Thigh Workout","https://www.youtube.com/embed/EmA1iWrsU4g?rel=0&&showinfo=0"
"fe2097a0-ac2f-11e9-8a69-bb4b29648562","Bodyweight Cardio + Total Body Toning  - Double Ladder Workout","https://www.youtube.com/embed/6F66ikdYmA4?rel=0&&showinfo=0"
"fecbf2d0-ac2f-11e9-8a69-bb4b29648562","Ultimate Toning and Cardio Workout for Belly Fat Loss - Abs and Cardio Training","https://www.youtube.com/embed/RRDtQ7Zmp6c?rel=0&&showinfo=0"
"001b5630-ac30-11e9-8a69-bb4b29648562","Pilates Infused Cool Down and Stretch","https://www.youtube.com/embed/NuagzNoRXII?rel=0&&showinfo=0"
"0190df30-ac30-11e9-8a69-bb4b29648562","Red Light Green HIIT Cardio Workout - Bodyweight HIIT Workout Video","https://www.youtube.com/embed/Q7eT1RSsT90?rel=0&&showinfo=0"
"02211140-ac30-11e9-8a69-bb4b29648562","Burpee Madness! Fast Fat Burning Workout - Cardio & Total Body Toning","https://www.youtube.com/embed/fd22xZYZfoE?rel=0&&showinfo=0"
"02a890c0-ac30-11e9-8a69-bb4b29648562","Intense Abs and Cardio Workout - Bodyweight Cardio and Abs Workout","https://www.youtube.com/embed/D_zJJnQA3M8?rel=0&&showinfo=0"
"0344f7d0-ac30-11e9-8a69-bb4b29648562","Pilates Butt and Thigh Workout - Butt Lifting Pilates Workout for Toned Legs","https://www.youtube.com/embed/zpbmLb4CLFU?rel=0&&showinfo=0"
"049bae30-ac30-11e9-8a69-bb4b29648562","Quick Chest and Back Workout","https://www.youtube.com/embed/JDl88p2EgFk?rel=0&&showinfo=0"
"0527c190-ac30-11e9-8a69-bb4b29648562","Spartan 500 Workout - 500 Rep Workout Routine","https://www.youtube.com/embed/L46d0OnbDuY?rel=0&&showinfo=0"
"05c03100-ac30-11e9-8a69-bb4b29648562","Beginner Pilates Workout Video - Great Post Pregnancy Workout for New Mothers","https://www.youtube.com/embed/v9ZttVFZnQc?rel=0&&showinfo=0"
"065e93e0-ac30-11e9-8a69-bb4b29648562","Home Upper Body Workout without Weights - Bodyweight Workout for Beginners","https://www.youtube.com/embed/MrpGbulGprA?rel=0&&showinfo=0"
"06e5c540-ac30-11e9-8a69-bb4b29648562","Kickboxing HIIT - Quick Cardio Kickboxing Workout","https://www.youtube.com/embed/CSXksjKzR2w?rel=0&&showinfo=0"
"080b0b60-ac30-11e9-8a69-bb4b29648562","Comprehensive Pilates Leg Workout","https://www.youtube.com/embed/6PwcbI_SBSY?rel=0&&showinfo=0"
"08f59270-ac30-11e9-8a69-bb4b29648562","At Home Resistance Band Workout for the Upper Body - Exercise Band Training","https://www.youtube.com/embed/zKMOGmBaSVk?rel=0&&showinfo=0"
"097ee6b0-ac30-11e9-8a69-bb4b29648562","Easy Warm Up Cardio Workout","https://www.youtube.com/embed/R0mMyV5OtcM?rel=0&&showinfo=0"
"0a1692d0-ac30-11e9-8a69-bb4b29648562","Barre Workout for Butt and Thighs - Workout for Lean Legs and Toned Butt","https://www.youtube.com/embed/514W-RB7Xiw?rel=0&&showinfo=0"
"0aa1bbd0-ac30-11e9-8a69-bb4b29648562","Back Stabilization Workout - Core and Lower Back Strength","https://www.youtube.com/embed/XRBmzCCMZVY?rel=0&&showinfo=0"
"0b380860-ac30-11e9-8a69-bb4b29648562","Brutal HIIT Ladder Workout","https://www.youtube.com/embed/cZnsLVArIt8?rel=0&&showinfo=0"
"0cec2100-ac30-11e9-8a69-bb4b29648562","Postnatal Workout or Post Abdominal Surgery Workout","https://www.youtube.com/embed/rCv7Tx8l_y4?rel=0&&showinfo=0"
"0d83cd20-ac30-11e9-8a69-bb4b29648562","Pilates Abs and Butt Workout Video","https://www.youtube.com/embed/MUni_YQjmaI?rel=0&&showinfo=0"
"0e195660-ac30-11e9-8a69-bb4b29648562","Light Cardio and Stretching Cool Down Workout","https://www.youtube.com/embed/ar3BGF8do7I?rel=0&&showinfo=0"
"0eb6f5f0-ac30-11e9-8a69-bb4b29648562","Cardio Butt Buster - No Excuses, No Equipment Cardio Workout at Home","https://www.youtube.com/embed/EfcrSJwjZzg?rel=0&&showinfo=0"
"110af810-ac30-11e9-8a69-bb4b29648562","Cannonball Shoulders Workout - Deltoid Exercises to get Bigger Shoulders","https://www.youtube.com/embed/vH6NKnQXj7o?rel=0&&showinfo=0"
"1199ca90-ac30-11e9-8a69-bb4b29648562","Booty Blaster - Killer 5 Minute Butt and Thigh Workout Challenge","https://www.youtube.com/embed/Ux4tzO6Uaxk?rel=0&&showinfo=0"
"12205fb0-ac30-11e9-8a69-bb4b29648562","28 Minute Pilates Cardio Workout","https://www.youtube.com/embed/fGtsIU-Nr3o?rel=0&&showinfo=0"
"13848390-ac30-11e9-8a69-bb4b29648562","Sayonara Saddlebags 20 Minute Outer Thigh Workout - Outer Thigh Exercises","https://www.youtube.com/embed/NbQyWph-aBI?rel=0&&showinfo=0"
"142de2f0-ac30-11e9-8a69-bb4b29648562","HIIT Bodyweight Workout - Fast, No Excuses At Home Cardio Workout","https://www.youtube.com/embed/KtPZPLZG0JE?rel=0&&showinfo=0"
"14beff60-ac30-11e9-8a69-bb4b29648562","Pyramid HIIT Training - Intense Interval Cardio Challenge","https://www.youtube.com/embed/OBN2yydGR1U?rel=0&&showinfo=0"
"1550df20-ac30-11e9-8a69-bb4b29648562","HIIT Fat Blaster with Warm Up Cardio - High Intensity Interval Training Workout","https://www.youtube.com/embed/jCQBncO-SzA?rel=0&&showinfo=0"
"166d72b0-ac30-11e9-8a69-bb4b29648562","5 Minutes to a Bigger, Rounder Butt - Glute and Thigh Workout for a Bigger Butt","https://www.youtube.com/embed/-C7IJM7skLk?rel=0&&showinfo=0"
"16f392a0-ac30-11e9-8a69-bb4b29648562","Little Black Dress Boot Camp Workout - Total Body Sculpting Routine","https://www.youtube.com/embed/69Mg5mKxlOg?rel=0&&showinfo=0"
"178b8ce0-ac30-11e9-8a69-bb4b29648562","Lean Arms Workout - Rhomboids, Shoulders, Bicep, Tricep, and Chest","https://www.youtube.com/embed/NDw5dxst_ls?rel=0&&showinfo=0"
"18c01540-ac30-11e9-8a69-bb4b29648562","Can You HIIT like a Girl? 22 Minute Cardio HIIT Workout Challenge","https://www.youtube.com/embed/6dhO7S7_DW0?rel=0&&showinfo=0"
"194dfd60-ac30-11e9-8a69-bb4b29648562","Core Workout - No Equipment Abs and Obliques Workout","https://www.youtube.com/embed/fkCdYjlsCjI?rel=0&&showinfo=0"
"19cf3b50-ac30-11e9-8a69-bb4b29648562","Bodyweight Upper Body Workout - At Home Upper Body Workout for Lean Muscles","https://www.youtube.com/embed/NH2LgOrf5AA?rel=0&&showinfo=0"
"1a625390-ac30-11e9-8a69-bb4b29648562","Lower Body HIIT For Strong Legs - Fitness Blender HIIT Man Workout","https://www.youtube.com/embed/E4tiWhsQhQg?rel=0&&showinfo=0"
"1b486dd0-ac30-11e9-8a69-bb4b29648562","Cardio, Abs, and Obliques Workout - Adios Love Handles, Bye Bye Belly Fat","https://www.youtube.com/embed/_OCa-IN2EdA?rel=0&&showinfo=0"
"1bfaf4f0-ac30-11e9-8a69-bb4b29648562","Bodyweight Cardio Training + Lower Body Strength - 37 Minute Butt & Thigh Workout","https://www.youtube.com/embed/EWoxVdAd-HI?rel=0&&showinfo=0"
"1c9fe780-ac30-11e9-8a69-bb4b29648562","Indoor Cycling Workout Video - Interval Cardio Training that wont Bore You to Tears","https://www.youtube.com/embed/LeEHYdFhK4o?rel=0&&showinfo=0"
"1d4660b0-ac30-11e9-8a69-bb4b29648562","Inner Thigh Workout - Best Toning Exercises for Inner Thighs","https://www.youtube.com/embed/qqUpFHzCzfU?rel=0&&showinfo=0"
"1de20470-ac30-11e9-8a69-bb4b29648562","Fitness Blender Total Body Barre Workout - 39 Minute Barre Workout Video","https://www.youtube.com/embed/OC9VbwyEG8U?rel=0&&showinfo=0"
"1ee71860-ac30-11e9-8a69-bb4b29648562","Quick 100 Rep Abs","https://www.youtube.com/embed/T9AD9JB2rWQ?rel=0&&showinfo=0"
"214c7fa0-ac30-11e9-8a69-bb4b29648562","Fit is Better than Skinny - Upper Body Strength & Cardio Training Workout","https://www.youtube.com/embed/gGtWy3_9qVo?rel=0&&showinfo=0"
"21df97e0-ac30-11e9-8a69-bb4b29648562","Low Impact HIIT Workout","https://www.youtube.com/embed/mY-_xYd7nXU?rel=0&&showinfo=0"
"226b3610-ac30-11e9-8a69-bb4b29648562","Pilates Workout for Lean Legs & Toned Core","https://www.youtube.com/embed/zsaGmHsIGy8?rel=0&&showinfo=0"
"23021ee0-ac30-11e9-8a69-bb4b29648562","Mountain Top Abs Workout - Toning Abs & Obliques Workout","https://www.youtube.com/embed/b0yNyvMatNM?rel=0&&showinfo=0"
"2429aef0-ac30-11e9-8a69-bb4b29648562","Mixed Martial Arts HIIT - Train Like a MMA Fighter","https://www.youtube.com/embed/vKYqxI08lOU?rel=0&&showinfo=0"
"24b5e960-ac30-11e9-8a69-bb4b29648562","Kelli's Cardio Kickboxing Workout","https://www.youtube.com/embed/S-75VjaSG0Q?rel=0&&showinfo=0"
"256cb640-ac30-11e9-8a69-bb4b29648562","Shape, Tone, Tighten and Lift your Booty in 5 Minutes","https://www.youtube.com/embed/aoGlnGMLE6o?rel=0&&showinfo=0"
"267face0-ac30-11e9-8a69-bb4b29648562","Plyometric and Cardio HIIT for Legs - Functional Plyometrics for Endurance","https://www.youtube.com/embed/sZlItql5FUs?rel=0&&showinfo=0"
"27ce9b10-ac30-11e9-8a69-bb4b29648562","Cardio Kickboxing and Core - Smackdown Your Stress","https://www.youtube.com/embed/F_6ps9cyFzo?rel=0&&showinfo=0"
"285900c0-ac30-11e9-8a69-bb4b29648562","Quick 5 Minute Leg Leaner + Booty Toner","https://www.youtube.com/embed/X0vawLKFzgE?rel=0&&showinfo=0"
"28e33f60-ac30-11e9-8a69-bb4b29648562","5 Minutes to Slim HIIT Cardio Workout","https://www.youtube.com/embed/hfe6aBM-UvY?rel=0&&showinfo=0"
"29728710-ac30-11e9-8a69-bb4b29648562","Cardio Infused Standing Abs","https://www.youtube.com/embed/sCw3xdmoxHQ?rel=0&&showinfo=0"
"2a389630-ac30-11e9-8a69-bb4b29648562","5 Minute Express Abs and Obliques Workout","https://www.youtube.com/embed/IZ7bIRWE3Fs?rel=0&&showinfo=0"
"2af24940-ac30-11e9-8a69-bb4b29648562","Tank Top Arms Workout - Arms, Chest, Back and Shoulders","https://www.youtube.com/embed/oUychjqfO8I?rel=0&&showinfo=0"
"2b7f9520-ac30-11e9-8a69-bb4b29648562","Quick Sweat Cardio Workout to Lose Weight & Burn Belly Fat Fast","https://www.youtube.com/embed/X1TuhAn6C-g?rel=0&&showinfo=0"
"2c0084f0-ac30-11e9-8a69-bb4b29648562","Quick HIIT - Cardio Workout to Boost Metabolism","https://www.youtube.com/embed/ZkWUzn1sPEQ?rel=0&&showinfo=0"
"2cc1d920-ac30-11e9-8a69-bb4b29648562","Easy on the Knees Kickboxing Blend; Low Impact Cardio","https://www.youtube.com/embed/v0TziwMB3fk?rel=0&&showinfo=0"
"2d8e77f0-ac30-11e9-8a69-bb4b29648562","Brutal 35 Minute Bodyweight Workout","https://www.youtube.com/embed/BVHmhvp0UDo?rel=0&&showinfo=0"
"2e1d7180-ac30-11e9-8a69-bb4b29648562","Cardio Kickboxing and Core Workout","https://www.youtube.com/embed/biiXlQHjt-g?rel=0&&showinfo=0"
"2ea677a0-ac30-11e9-8a69-bb4b29648562","Fitness Blender's Caveman Workout","https://www.youtube.com/embed/1fl5XWSLVvI?rel=0&&showinfo=0"
"30b77d50-ac30-11e9-8a69-bb4b29648562","Bust Booster Chest Workout - Breast Lifting Exercises","https://www.youtube.com/embed/MXE0e_C8hF4?rel=0&&showinfo=0"
"31585130-ac30-11e9-8a69-bb4b29648562","Fluid Stretching - Toning & Flexibility Workout","https://www.youtube.com/embed/vYNjk5Ba8-A?rel=0&&showinfo=0"
"31f8afe0-ac30-11e9-8a69-bb4b29648562","Interval Training Workout - Toning and Cardio Boot Camp","https://www.youtube.com/embed/D9BC884dIDg?rel=0&&showinfo=0"
"32ecacd0-ac30-11e9-8a69-bb4b29648562","Partner Workout - 100th Free Full Length Workout Video with Daniel & Kelli","https://www.youtube.com/embed/tD-4Vm0AY28?rel=0&&showinfo=0"
"33b5a220-ac30-11e9-8a69-bb4b29648562","Sports Endurance Workout - Stamina, Speed, and Agility Workout","https://www.youtube.com/embed/5uVaKjtJHN8?rel=0&&showinfo=0"
"344b5270-ac30-11e9-8a69-bb4b29648562","Lean & Strong - Total Body Strength Training for Fat Loss","https://www.youtube.com/embed/rmgYDWc7RkU?rel=0&&showinfo=0"
"34d59110-ac30-11e9-8a69-bb4b29648562","Butt & Thigh No Squat Workout - Leg Workout Without Squats or Lunges","https://www.youtube.com/embed/6_9iWo9UbbY?rel=0&&showinfo=0"
"35bd31f0-ac30-11e9-8a69-bb4b29648562","Lower Back Stretching Routine","https://www.youtube.com/embed/9iljr_dEUPY?rel=0&&showinfo=0"
"36afa840-ac30-11e9-8a69-bb4b29648562","Fitness Blender 5x5x5 Pulse Workout for Abs and Obliques","https://www.youtube.com/embed/6PXO5Y7M8v8?rel=0&&showinfo=0"
"374dbd00-ac30-11e9-8a69-bb4b29648562","Lower Back Toning and Strength - Injury Prevention and Rehabilitation for the Lower Back","https://www.youtube.com/embed/sAB0-_svrt0?rel=0&&showinfo=0"
"37e011f0-ac30-11e9-8a69-bb4b29648562","Kettlebell Cardio Workout - Cardio & Strength Training Blend","https://www.youtube.com/embed/_7FnkMTL80o?rel=0&&showinfo=0"
"388a0d90-ac30-11e9-8a69-bb4b29648562","Bodybuilding Leg Workout for Mass - Dumbbell Mass Workout for Lower Body","https://www.youtube.com/embed/KtGSdSqUTdw?rel=0&&showinfo=0"
"39daa970-ac30-11e9-8a69-bb4b29648562","Fitness Blender's Fast Abs - 8 Minute Abs Workout Routine","https://www.youtube.com/embed/nBFdBnIbZRo?rel=0&&showinfo=0"
"3ab32f20-ac30-11e9-8a69-bb4b29648562","Crunchless Abs Routine - Crunch Free Abs Workout","https://www.youtube.com/embed/aKFVZu_4Lq4?rel=0&&showinfo=0"
"3b49c9d0-ac30-11e9-8a69-bb4b29648562","Lower Body Tabata Workout - HIIT Workout to Burn Belly Fat & Tone Glutes & Thighs","https://www.youtube.com/embed/DbjMVBeBBdQ?rel=0&&showinfo=0"
"3bdce210-ac30-11e9-8a69-bb4b29648562","Beginner Boot Camp Workout - Easy Toning & Low Impact Cardio Workout","https://www.youtube.com/embed/AoZsTarI9uA?rel=0&&showinfo=0"
"3ce2b950-ac30-11e9-8a69-bb4b29648562","Weight Training for Fat Loss - 33 Minute Functional Strength Training Workout","https://www.youtube.com/embed/FPgKYsknKw4?rel=0&&showinfo=0"
"3db96a40-ac30-11e9-8a69-bb4b29648562","Upper Back, Arms, and Chest Workout - 23 Min Tabata Upper Body Workout","https://www.youtube.com/embed/MSMc7wwMLyY?rel=0&&showinfo=0"
"3e499c50-ac30-11e9-8a69-bb4b29648562","Tight & Toned Beach-Ready Body Workout","https://www.youtube.com/embed/ks52SopaSI8?rel=0&&showinfo=0"
"3edc6670-ac30-11e9-8a69-bb4b29648562","5x5x5 Pulse Workout for Lean Legs & Glute Toning","https://www.youtube.com/embed/IZs2EEnv2d4?rel=0&&showinfo=0"
"40dddbc0-ac30-11e9-8a69-bb4b29648562","Quick Cool Down Stretch","https://www.youtube.com/embed/XewzQ9MRDh8?rel=0&&showinfo=0"
"41a179e0-ac30-11e9-8a69-bb4b29648562","Toning and Weight Loss Boot Camp","https://www.youtube.com/embed/P_5sIhCRmNM?rel=0&&showinfo=0"
"423ad3b0-ac30-11e9-8a69-bb4b29648562","5x5x5 Pulse Workout: Upper Body Workout","https://www.youtube.com/embed/BsK1vYxZQM8?rel=0&&showinfo=0"
"42c97f20-ac30-11e9-8a69-bb4b29648562","Cardio Kickboxing Workout - 400 Calorie Cardio Routine","https://www.youtube.com/embed/UuUBRP3g73A?rel=0&&showinfo=0"
"435dcfe0-ac30-11e9-8a69-bb4b29648562","Cool Down and Full Body Stretch","https://www.youtube.com/embed/5oj9-4ZQes4?rel=0&&showinfo=0"
"43ee9e30-ac30-11e9-8a69-bb4b29648562","Upper Body Mass Workout - Killer Bodyweight Workout for Strength","https://www.youtube.com/embed/HslEu8Xkpuk?rel=0&&showinfo=0"
"456e1240-ac30-11e9-8a69-bb4b29648562","At Home HIIT Workout Program for Fat Loss","https://www.youtube.com/embed/zpeN0xX1VVg?rel=0&&showinfo=0"
"460cea50-ac30-11e9-8a69-bb4b29648562","Abs & Cardio Blend: Workout to Lose Belly Fat","https://www.youtube.com/embed/e5aIUjVYV1I?rel=0&&showinfo=0"
"46a69240-ac30-11e9-8a69-bb4b29648562","Quick & Simple Toning and Cardio Boot Camp","https://www.youtube.com/embed/JygaGSCd_Ic?rel=0&&showinfo=0"
"474654b0-ac30-11e9-8a69-bb4b29648562","5x5x5 Pulse Workout for Butt and Thighs","https://www.youtube.com/embed/ARNFuSZB3OY?rel=0&&showinfo=0"
"47daa570-ac30-11e9-8a69-bb4b29648562","Lean Mean Legs - Butt & Thigh Workout","https://www.youtube.com/embed/Um0zT1s8fPo?rel=0&&showinfo=0"
"49840fb0-ac30-11e9-8a69-bb4b29648562","Standing Abdominal Workout - 34 Minute Cardio & Core","https://www.youtube.com/embed/2k9fUP7_MWI?rel=0&&showinfo=0"
"4a10e660-ac30-11e9-8a69-bb4b29648562","Flat Belly Workout - Abs and Obliques Workout","https://www.youtube.com/embed/IqKVlBesypc?rel=0&&showinfo=0"
"4ab89810-ac30-11e9-8a69-bb4b29648562","38 Minute Glute, Inner & Outer Thigh Workout","https://www.youtube.com/embed/gF-nJkS_FjI?rel=0&&showinfo=0"
"4b4520a0-ac30-11e9-8a69-bb4b29648562","Toning & Cardio Pyramid Jump Rope Workout Routine","https://www.youtube.com/embed/gO4zTmmDrS8?rel=0&&showinfo=0"
"4bdea180-ac30-11e9-8a69-bb4b29648562","Volleyball Workout Video - Volleyball Exercises for Conditioning & Strength","https://www.youtube.com/embed/wEe_Zkcp7HY?rel=0&&showinfo=0"
"4c6b9f40-ac30-11e9-8a69-bb4b29648562","Express Calorie Blaster - 10 Minute Toning & Cardio Mix","https://www.youtube.com/embed/TLiYYpDBWtU?rel=0&&showinfo=0"
"4d026100-ac30-11e9-8a69-bb4b29648562","10 Minute At Home Butt and Thigh Workout Video","https://www.youtube.com/embed/X663kXIufZI?rel=0&&showinfo=0"
"4ed37780-ac30-11e9-8a69-bb4b29648562","Total Body Boot Camp - Bodyweight Workout to Tone Up Fast","https://www.youtube.com/embed/FhXhOwlY2Ck?rel=0&&showinfo=0"
"4f750eb0-ac30-11e9-8a69-bb4b29648562","Fitness Blender Cardio HIIT Workout","https://www.youtube.com/embed/BS7XkoGmhXQ?rel=0&&showinfo=0"
"51520c10-ac30-11e9-8a69-bb4b29648562","Kettlebell HIIT Workout - HIIT Kettlebell Training","https://www.youtube.com/embed/VUG7m-IyoZ8?rel=0&&showinfo=0"
"51e635c0-ac30-11e9-8a69-bb4b29648562","Pyramid HIIT Workout - Fun with Numbers Workout","https://www.youtube.com/embed/EJK4RuUz0yI?rel=0&&showinfo=0"
"527640c0-ac30-11e9-8a69-bb4b29648562","Workout at Work: 32 Minute Chair Workout Video","https://www.youtube.com/embed/2AuLqYh4irI?rel=0&&showinfo=0"
"53c0c220-ac30-11e9-8a69-bb4b29648562","Beginner Kettlebell Workout - Kells Kettlebells Routine","https://www.youtube.com/embed/6pDMOIlPLFE?rel=0&&showinfo=0"
"5457f910-ac30-11e9-8a69-bb4b29648562","Low Impact Cardio Workout for Beginners","https://www.youtube.com/embed/bSZj19AUU5I?rel=0&&showinfo=0"
"54e12640-ac30-11e9-8a69-bb4b29648562","Agility Exercises to Increase Balance & Muscle Tone - Advanced Balance Workout","https://www.youtube.com/embed/7pwSKcFnSHs?rel=0&&showinfo=0"
"55a1b720-ac30-11e9-8a69-bb4b29648562","Body Firming HIIT Workout for Beginners - Beginner HIIT Home Workout Routine","https://www.youtube.com/embed/A2jill_Lf0Y?rel=0&&showinfo=0"
"567bea80-ac30-11e9-8a69-bb4b29648562","HIIT Workout for Abs & Obliques - High Intensity Cardio and Abs Workout","https://www.youtube.com/embed/hyFIKDLmYyo?rel=0&&showinfo=0"
"5716a3e0-ac30-11e9-8a69-bb4b29648562","Beginner Exercises for Balance  - 15 Minute Beginner Balance Workout","https://www.youtube.com/embed/6PIVgUe6z3E?rel=0&&showinfo=0"
"57b5ca10-ac30-11e9-8a69-bb4b29648562","27 Minute Total Body Medicine Ball Workout - Medicine Ball Exercises","https://www.youtube.com/embed/nV3A5F28AB8?rel=0&&showinfo=0"
"587b8b10-ac30-11e9-8a69-bb4b29648562","HIIT Workout for Endurance - Brutal 30 Minute Home Cardio & Toning","https://www.youtube.com/embed/nDvMxuT6EVg?rel=0&&showinfo=0"
"593d5470-ac30-11e9-8a69-bb4b29648562","20 Minute Home Abdominal Workout","https://www.youtube.com/embed/jQNcgZ1Y3rA?rel=0&&showinfo=0"
"59d575c0-ac30-11e9-8a69-bb4b29648562","Fitness Blender 100 Rep Workout - Fat Burning Total Body Routine","https://www.youtube.com/embed/StikwXBYqcU?rel=0&&showinfo=0"
"5a555420-ac30-11e9-8a69-bb4b29648562","High Intensity Interval Training Workout  - 20 Minute HIIT Cardio Workout","https://www.youtube.com/embed/_Xm3GEDVmbM?rel=0&&showinfo=0"
"5b27e660-ac30-11e9-8a69-bb4b29648562","Booty Shaper Workout - Exercises for a Bigger Butt","https://www.youtube.com/embed/rGRA6bD72CM?rel=0&&showinfo=0"
"5be08800-ac30-11e9-8a69-bb4b29648562","Rotator Cuff Workout - Rotator Cuff Exercises for Injury Prevention","https://www.youtube.com/embed/EY2tNBOmvGs?rel=0&&showinfo=0"
"5c75ea30-ac30-11e9-8a69-bb4b29648562","Abs and Oblique Exercises for a Smaller Waist - 32 Minute Core Workout","https://www.youtube.com/embed/Z-A1zl8Laes?rel=0&&showinfo=0"
"5d0a13e0-ac30-11e9-8a69-bb4b29648562","Upper Body Functional Strength Training Workout with Dumbbells","https://www.youtube.com/embed/5qQw4yzgPqw?rel=0&&showinfo=0"
"5e2d1010-ac30-11e9-8a69-bb4b29648562","Toned & Curvy Body Workout - Exercises to get Curves","https://www.youtube.com/embed/LTJesxB1aZY?rel=0&&showinfo=0"
"5eb74eb0-ac30-11e9-8a69-bb4b29648562","Advanced Plank Workout","https://www.youtube.com/embed/3DNN9a5pU2A?rel=0&&showinfo=0"
"607133b0-ac30-11e9-8a69-bb4b29648562","Lower Abdominal Exercises - 15 Minute Advanced Lower Abs Workout","https://www.youtube.com/embed/Fu1jJE6x3lU?rel=0&&showinfo=0"
"61613900-ac30-11e9-8a69-bb4b29648562","35 Minute Natural Brazilian Buttock Lift Exercises","https://www.youtube.com/embed/_7fHGwLS8Y0?rel=0&&showinfo=0"
"62143550-ac30-11e9-8a69-bb4b29648562","Advanced Kettlebell Workout -Kettlebell Weight Loss Routine","https://www.youtube.com/embed/hyUlyU8_pBk?rel=0&&showinfo=0"
"62a1cf50-ac30-11e9-8a69-bb4b29648562","17 Minute Pilates Core Series Workout","https://www.youtube.com/embed/xoNG1pBdSOo?rel=0&&showinfo=0"
"63302ca0-ac30-11e9-8a69-bb4b29648562","Inner Thigh Exercises to Tone - 10 Minute Inner Thigh Workout","https://www.youtube.com/embed/CzxoisqfU2o?rel=0&&showinfo=0"
"64249ec0-ac30-11e9-8a69-bb4b29648562","Standing Abs Exercises - 10 Minute Standing Abs Workout","https://www.youtube.com/embed/08Bi8hMdwa4?rel=0&&showinfo=0"
"64f33960-ac30-11e9-8a69-bb4b29648562","Total Body Exercise Ball Workout - 10 Minute Physioball Routine","https://www.youtube.com/embed/ChRgTA2toC0?rel=0&&showinfo=0"
"658ae580-ac30-11e9-8a69-bb4b29648562","Leg Slimming Pilates Butt and Thigh Workout","https://www.youtube.com/embed/suNj0eeFftw?rel=0&&showinfo=0"
"662354f0-ac30-11e9-8a69-bb4b29648562","8 Minute Abs Workout Routine - At Home Core Exercises","https://www.youtube.com/embed/Dkrm5Dlhads?rel=0&&showinfo=0"
"66b9a180-ac30-11e9-8a69-bb4b29648562","Upper Body Stretching Routine","https://www.youtube.com/embed/NppUNB5ZZR0?rel=0&&showinfo=0"
"68423d50-ac30-11e9-8a69-bb4b29648562","Upper Body Dumbbell Workout - 28 Minute Weight Training Routine","https://www.youtube.com/embed/nXDsFQYC3pQ?rel=0&&showinfo=0"
"68df8ec0-ac30-11e9-8a69-bb4b29648562","Upper and Lower Back Workout - At Home Back Exercises to Tone & Strengthen","https://www.youtube.com/embed/YMwi_eDYG9U?rel=0&&showinfo=0"
"697fc660-ac30-11e9-8a69-bb4b29648562","Total Body Warm Up Workout Routine","https://www.youtube.com/embed/g0XGO6HNPeY?rel=0&&showinfo=0"
"6a0f0e10-ac30-11e9-8a69-bb4b29648562","Total Body PhysioBall Workout - PhysioBall Exercises","https://www.youtube.com/embed/hf5yoKvOYug?rel=0&&showinfo=0"
"6aac8690-ac30-11e9-8a69-bb4b29648562","Shoulder and Neck Exercises and Stretches","https://www.youtube.com/embed/ZvQn0y-_k_k?rel=0&&showinfo=0"
"6b5b6430-ac30-11e9-8a69-bb4b29648562","Lower Body Stretches - A Stretching Routine for Flexibility","https://www.youtube.com/embed/iN3sHkni1gI?rel=0&&showinfo=0"
"6d163390-ac30-11e9-8a69-bb4b29648562","Lower Back Stretches for Sciatica Pain","https://www.youtube.com/embed/CbZzeO4P9YA?rel=0&&showinfo=0"
"6db2e8c0-ac30-11e9-8a69-bb4b29648562","Jump Rope Workout Routine - Intense Home Cardio + Toning Exercises","https://www.youtube.com/embed/d-3HuPTDYTQ?rel=0&&showinfo=0"
"6e45b2e0-ac30-11e9-8a69-bb4b29648562","Jump Rope Weight Loss Routine - 20 Minute Home Cardio Workout","https://www.youtube.com/embed/9SCcuH-9W58?rel=0&&showinfo=0"
"6ee7bf40-ac30-11e9-8a69-bb4b29648562","Full Length KettleBell Workout Video - High Intensity Total Body Routine","https://www.youtube.com/embed/NkXw9hB0Zpo?rel=0&&showinfo=0"
"70ae7580-ac30-11e9-8a69-bb4b29648562","Fitness Blender Hourglass Figure Workout - Exercises to get Curves","https://www.youtube.com/embed/tTdj2paU9yo?rel=0&&showinfo=0"
"71eee4c0-ac30-11e9-8a69-bb4b29648562","Fitness Blender Golf Workout - Strength, Balance & Flexibility Exercises for Golfers","https://www.youtube.com/embed/5F8iPHvVq6E?rel=0&&showinfo=0"
"72ff6a60-ac30-11e9-8a69-bb4b29648562","Challenging Exercise Ball Ab Workout","https://www.youtube.com/embed/gwwNST1hwgI?rel=0&&showinfo=0"
"73960510-ac30-11e9-8a69-bb4b29648562","Calorie Blasting Cardio Boot Camp Workout","https://www.youtube.com/embed/nNe1p2uPt_g?rel=0&&showinfo=0"
"742fad00-ac30-11e9-8a69-bb4b29648562","Butt and Thigh Workout Routine - 20 Minute Bodyweight Workout","https://www.youtube.com/embed/m8AkyDAiRXo?rel=0&&showinfo=0"
"74ce0fe0-ac30-11e9-8a69-bb4b29648562","Bodyweight Workout Routine - Nonstop Total Body Workout","https://www.youtube.com/embed/Ov2JzQrJ9XI?rel=0&&showinfo=0"
"75639920-ac30-11e9-8a69-bb4b29648562","Bodyweight Workout for Mass - Core and Leg Workout for Men without Weights","https://www.youtube.com/embed/l1HfSbBd34A?rel=0&&showinfo=0"
"7600ea90-ac30-11e9-8a69-bb4b29648562","Best Calf Workout Routine - Calf Exercises to Tone and Shape","https://www.youtube.com/embed/r0h35ldoeVI?rel=0&&showinfo=0"
"78b77f10-ac30-11e9-8a69-bb4b29648562","33 Minute Butt Lift Workout - Butt Toning Exercises","https://www.youtube.com/embed/q_30fjI1qhU?rel=0&&showinfo=0"
"798f4170-ac30-11e9-8a69-bb4b29648562","32 Minute Bodyweight Workout - Total Body Toning & Functional Strength Training Exercises","https://www.youtube.com/embed/U7K6yFOjsJI?rel=0&&showinfo=0"
"7a94a380-ac30-11e9-8a69-bb4b29648562","30 Minute Ski Conditioning Workout - Strength and Cardio Training","https://www.youtube.com/embed/pKnP88kWTKA?rel=0&&showinfo=0"
"7b385d90-ac30-11e9-8a69-bb4b29648562","30 Minute Booty Boot Camp - Butt and Thigh Workout","https://www.youtube.com/embed/bF4DZd19Nus?rel=0&&showinfo=0"
"7bc70900-ac30-11e9-8a69-bb4b29648562","30 Minute At Home Abs and Cardio Workout Video","https://www.youtube.com/embed/UZQdGZ-9KCQ?rel=0&&showinfo=0"
"7c5f9f80-ac30-11e9-8a69-bb4b29648562","28 Minute Total Body Slosh Pipe Workout - Slosh Tube Exercises for Strength & Toning","https://www.youtube.com/embed/8fvz1LnPbQQ?rel=0&&showinfo=0"
"7d579410-ac30-11e9-8a69-bb4b29648562","28 Minute Snowboard Workout - Conditioning Workout Routine","https://www.youtube.com/embed/SfekYZS00-Y?rel=0&&showinfo=0"
"7df3fb20-ac30-11e9-8a69-bb4b29648562","25 Minute Abs and Obliques Workout","https://www.youtube.com/embed/uB_ejT_DgUM?rel=0&&showinfo=0"
"7e7ba1b0-ac30-11e9-8a69-bb4b29648562","20 Minute Home Upper Body Workout Routine","https://www.youtube.com/embed/ptQXsJfgPAY?rel=0&&showinfo=0"
"7f1e2340-ac30-11e9-8a69-bb4b29648562","17 Minute At Home Cardio - High Intensity Interval Training Workout","https://www.youtube.com/embed/_Ov-lSkpOyI?rel=0&&showinfo=0"
"7fc55fc0-ac30-11e9-8a69-bb4b29648562","16 Minute Bicep & Tricep Super Set Workout - Resistance Band Exercises","https://www.youtube.com/embed/Nj6kgsxaUGg?rel=0&&showinfo=0"
"81ef6bb0-ac30-11e9-8a69-bb4b29648562","15 Minute Total Body Boot Camp","https://www.youtube.com/embed/rzoqO3ENKNk?rel=0&&showinfo=0"