"id","title"
"d9c0b8f0-ac2e-11e9-8a69-bb4b29648562","At Home Upper Body Workout - Quick Upper Body Strength Without Weights"
"37e011f0-ac30-11e9-8a69-bb4b29648562","Kettlebell Cardio Workout - Cardio & Strength Training Blend"
"bf781870-ac2f-11e9-8a69-bb4b29648562","Fitness Blender 8 Minute Abs Workout - No Equipment, No Excuses Abs and Obliques"
"39daa970-ac30-11e9-8a69-bb4b29648562","Fitness Blender's Fast Abs - 8 Minute Abs Workout Routine"
"bb67dcd0-ac2e-11e9-8a69-bb4b29648562","Abs and HIIT Cardio Workout - No Equipment Lower Body and Core  Challenge"
"38304a40-ac2f-11e9-8a69-bb4b29648562","At Home 10 Minute Butt & Thigh Workout - FB Raw"
"68df8ec0-ac30-11e9-8a69-bb4b29648562","Upper and Lower Back Workout - At Home Back Exercises to Tone & Strengthen"
"8f9f6860-ac2f-11e9-8a69-bb4b29648562","Mass Workout for Legs - At Home Lower Body Barbell Workout"
"bb09e8e0-ac2f-11e9-8a69-bb4b29648562","Cardio and Abs Workout - Abs and Cardio Blender Mashup"
"1c9fe780-ac30-11e9-8a69-bb4b29648562","Indoor Cycling Workout Video - Interval Cardio Training that wont Bore You to Tears"
"c4d87030-ac2f-11e9-8a69-bb4b29648562","Calorie Blasting Low Impact Cardio Boot Camp - 33 Minute Recovery Cardio Workout"
"e6249120-ac2e-11e9-8a69-bb4b29648562","Fitness Blender's Free 3-Day Flexibility Challenge: Day 1 (Fluid Full Body Stretches for Flexibility & Stress Relief)"
"f3b94830-ac2e-11e9-8a69-bb4b29648562","Brutal Butt and Thigh Workout for Fat Burning and Lean Muscle Building"
"30842dc0-ac2f-11e9-8a69-bb4b29648562","Fitness Blender's Free 5-Day Workout Challenge: For Busy People, Day 2"
"194dfd60-ac30-11e9-8a69-bb4b29648562","Core Workout - No Equipment Abs and Obliques Workout"
"6aac8690-ac30-11e9-8a69-bb4b29648562","Shoulder and Neck Exercises and Stretches"
"65c1f080-ac2f-11e9-8a69-bb4b29648562","The Dirty 300 Challenge - Brutal 300 Rep Workout to Burn Fat and Build Endurance"
"d50f17c0-ac2e-11e9-8a69-bb4b29648562","Jumpstart Cardio Workout - 5 Minute Energy Boosting Workout"
"7a94a380-ac30-11e9-8a69-bb4b29648562","30 Minute Ski Conditioning Workout - Strength and Cardio Training"
"0b7777d0-ac2f-11e9-8a69-bb4b29648562","15 Minute HIIT Metabolism Booster - Total Body and Abs HIIT Workout"
"4c6b9f40-ac30-11e9-8a69-bb4b29648562","Express Calorie Blaster - 10 Minute Toning & Cardio Mix"
"f7614c20-ac2f-11e9-8a69-bb4b29648562","Feel Good Stretching Workout - Calming Evening or Morning Stretch Routine"
"a69ba790-ac2f-11e9-8a69-bb4b29648562","Quick Cool Down Stretching Workout Routine"
"b80a0bd0-ac2e-11e9-8a69-bb4b29648562","At Home Glute Workout - Burnout Butt and Thigh Workout"
"d5acde60-ac2e-11e9-8a69-bb4b29648562","HIIT Cardio and Abs Workout - No Equipment HIIT and Abs (Low Impact Mods)"
"212034f0-ac2f-11e9-8a69-bb4b29648562","10 Minute Lower Body HIIT - Legs of Pain, Lungs on Fire"
"bd5eae50-ac2f-11e9-8a69-bb4b29648562","Jump Rope Cardio HIIT"
"1a625390-ac30-11e9-8a69-bb4b29648562","Lower Body HIIT For Strong Legs - Fitness Blender HIIT Man Workout"
"4f750eb0-ac30-11e9-8a69-bb4b29648562","Fitness Blender Cardio HIIT Workout"
"5a5151f0-ac2f-11e9-8a69-bb4b29648562","Six Pack Burn Out - Intense Abs Workout"
"142de2f0-ac30-11e9-8a69-bb4b29648562","HIIT Bodyweight Workout - Fast, No Excuses At Home Cardio Workout"
"22de86c0-ac2f-11e9-8a69-bb4b29648562","Squats For A Better Booty + Fat Burning Cardio - 10 Minute Lower Body Workout"
"43ee9e30-ac30-11e9-8a69-bb4b29648562","Upper Body Mass Workout - Killer Bodyweight Workout for Strength"
"a1562040-ac2e-11e9-8a69-bb4b29648562","Glute Activation Workout - Knee Friendly Butt and Thigh Workout"
"798f4170-ac30-11e9-8a69-bb4b29648562","32 Minute Bodyweight Workout - Total Body Toning & Functional Strength Training Exercises"
"baa6fdd0-ac2e-11e9-8a69-bb4b29648562","HIIT Cardio and Butt and Thigh Workout - HIIT and Strength"
"3e836670-ac2f-11e9-8a69-bb4b29648562","Low Impact Cardio Workout - Total Body Workout for Beginner to Intermediate"
"1ffc0040-ac2f-11e9-8a69-bb4b29648562","High Intensity Cardio Workout - Quick and Brutal Bodyweight Training"
"d6c35770-ac2e-11e9-8a69-bb4b29648562","Quick and Intense HIIT Workout - Bodyweight Only HIIT Cardio"
"590aef40-ac2f-11e9-8a69-bb4b29648562","Lower Body Workout with Kelli and Daniel - 40 Minute At Home Butt and Thigh Workout"
"ceb52850-ac2f-11e9-8a69-bb4b29648562","Fast Fat Burning Workout - Cardio Kickboxing HIIT Routine"
"0190df30-ac30-11e9-8a69-bb4b29648562","Red Light Green HIIT Cardio Workout - Bodyweight HIIT Workout Video"
"39523500-ac2f-11e9-8a69-bb4b29648562","Day 5 - HIIT Cardio Butt and Thigh Workout - 5 Day Workout Challenge to Burn Fat & Build Lean Muscle"
"d2009f40-ac2e-11e9-8a69-bb4b29648562","HIIT Cardio and Abs Workout for People Who Get Bored Easily"
"097ee6b0-ac30-11e9-8a69-bb4b29648562","Easy Warm Up Cardio Workout"
"70ae7580-ac30-11e9-8a69-bb4b29648562","Fitness Blender Hourglass Figure Workout - Exercises to get Curves"
"89afc8f0-ac2f-11e9-8a69-bb4b29648562","SweatFest Butt and Thigh Cardio Workout - Calorie Blasting Interval Cardio for Lower Body"
"f2f4a330-ac2f-11e9-8a69-bb4b29648562","No Equipment Cardio Intervals and Upper Body Toning Workout"
"c0ae2770-ac2f-11e9-8a69-bb4b29648562","Low Impact Cardio and Total Body Toning Workout"
"049bae30-ac30-11e9-8a69-bb4b29648562","Quick Chest and Back Workout"
"1ee71860-ac30-11e9-8a69-bb4b29648562","Quick 100 Rep Abs"
"bdeff1d0-ac2f-11e9-8a69-bb4b29648562","Push Yourself Harder - Total Body Training for a Lean Strong Body - Dumbbell or Kettlebell Workout"
"84455f10-ac2f-11e9-8a69-bb4b29648562","Quick Leg Burn - Beginner to Advanced Lower Body Workout Routine"
"b2289d30-ac2e-11e9-8a69-bb4b29648562","20 Minute HIIT Workout with Warm Up and Cool Down - At Home HIIT"
"18fceca0-ac2f-11e9-8a69-bb4b29648562","Calorie Burning Cardio Warm Up - Total Body Warm Up Workout"
"eaa1dbe0-ac2e-11e9-8a69-bb4b29648562","23 Minute Active Static Abs Workout - Abs Burnout Routine"
"55a1b720-ac30-11e9-8a69-bb4b29648562","Body Firming HIIT Workout for Beginners - Beginner HIIT Home Workout Routine"
"4a10e660-ac30-11e9-8a69-bb4b29648562","Flat Belly Workout - Abs and Obliques Workout"
"fecbf2d0-ac2f-11e9-8a69-bb4b29648562","Ultimate Toning and Cardio Workout for Belly Fat Loss - Abs and Cardio Training"
"49df1d70-ac2f-11e9-8a69-bb4b29648562","20 Minute Total Body Active Static Workout - At Home Bodyweight Workout"
"51520c10-ac30-11e9-8a69-bb4b29648562","Kettlebell HIIT Workout - HIIT Kettlebell Training"
"3ab32f20-ac30-11e9-8a69-bb4b29648562","Crunchless Abs Routine - Crunch Free Abs Workout"
"e25ab7e0-ac2e-11e9-8a69-bb4b29648562","Fat Burning Butt and Thigh Workout - Strength Training Sweatfest for People Who Get Bored Easily"
"8f085880-ac2f-11e9-8a69-bb4b29648562","Kelli's Abs and Upper Body Strength Training Workout - Chest, Back, Arms and Abs Superset Workout"
"af891db0-ac2f-11e9-8a69-bb4b29648562","Low Impact Abs, Butt and Thighs Workout - Feel Good Total Body Sculpt and Stretch"
"1df84100-ac2f-11e9-8a69-bb4b29648562","Upper Body Split Workout - Chest and Triceps Mass Building Video"
"065e93e0-ac30-11e9-8a69-bb4b29648562","Home Upper Body Workout without Weights - Bodyweight Workout for Beginners"
"d27a46a0-ac2f-11e9-8a69-bb4b29648562","Burpee Madness! Fitness Blender 100 Burpees Workout Challenge"
"fb88f240-ac2e-11e9-8a69-bb4b29648562","Fat Burning HIIT Workout - Bodyweight HIIT Cardio Workout (with low impact modifications)"
"a8854490-ac2e-11e9-8a69-bb4b29648562","Energy Boosting Cardio Jumpstart - Total Body Warm Up Cardio Workout"
"08f59270-ac30-11e9-8a69-bb4b29648562","At Home Resistance Band Workout for the Upper Body - Exercise Band Training"
"055c3480-ac2f-11e9-8a69-bb4b29648562","10 Minute Workout for Butt and Thighs"
"cdd5ebe0-ac2f-11e9-8a69-bb4b29648562","HIIT Like you Mean It - Total Body High Intensity Interval Training Workout"
"cf4114a0-ac2f-11e9-8a69-bb4b29648562","Tabata Kettlebell Workout and Abs and Obliques Workout - 45 Minute Kettlebell Training"
"f7b2bcf0-ac2e-11e9-8a69-bb4b29648562","Fitness Blender's Free 5-Day Workout Challenge: Strong and Lean, Day 4"
"cac91680-ac2e-11e9-8a69-bb4b29648562","Cardio Kickboxing and Lower Body Strength Workout"
"214c7fa0-ac30-11e9-8a69-bb4b29648562","Fit is Better than Skinny - Upper Body Strength & Cardio Training Workout"
"18c01540-ac30-11e9-8a69-bb4b29648562","Can You HIIT like a Girl? 22 Minute Cardio HIIT Workout Challenge"
"269e26d0-ac2f-11e9-8a69-bb4b29648562","At Home Cardio Workout with No Equipment + Why We Dislike Gym Cardio Equipment"
"79b9c950-ac2f-11e9-8a69-bb4b29648562","HIIT Cardio and Abs Workout - Insane At Home Fat Burner - Interval Cardio Training and Core"
"3edc6670-ac30-11e9-8a69-bb4b29648562","5x5x5 Pulse Workout for Lean Legs & Glute Toning"
"c71567e0-ac2f-11e9-8a69-bb4b29648562","Cardio Kickboxing plus Abs and Obliques Workout"
"e5856af0-ac2e-11e9-8a69-bb4b29648562","Fitness Blender's Free 3-Day Flexibility Challenge: Day 2 (Pilates Yoga Blend for Flexibility and Toning)"
"021e95b0-ac2f-11e9-8a69-bb4b29648562","10 Minute Butt and Thigh Workout - Interval Strength Training Sweatfest"
"d89b99e0-ac2e-11e9-8a69-bb4b29648562","Upper Body Strength & Cardio Interval Workout (with Low Impact Mods)"
"90bfcc80-ac2f-11e9-8a69-bb4b29648562","Fast Paced High Intensity Workout - Descending Ladder of Pain"
"3c4a6660-ac2f-11e9-8a69-bb4b29648562","Day 2: Fitness Blender's 5 Day Workout Challenge to Burn Fat and Build Lean Muscle"
"db5c4b10-ac2f-11e9-8a69-bb4b29648562","Lower Body Toning Workout - 56 Minute Butt and Thigh Tabata Workout"
"6db2e8c0-ac30-11e9-8a69-bb4b29648562","Jump Rope Workout Routine - Intense Home Cardio + Toning Exercises"
"ac43ddc0-ac2f-11e9-8a69-bb4b29648562","Kickboxing + HIIT Workout Blend: Fat Burning Interval Cardio Workout at Home"
"a127c7d0-ac2f-11e9-8a69-bb4b29648562","Kelli's Booty Workout - Ultimate Butt and Thigh Workout for a Round Lifted Butt"
"e6b97e20-ac2e-11e9-8a69-bb4b29648562","10 Minute Butt and Thigh Workout At Home - No Equipment Butt and Thigh Toning Workout"
"edbb50e0-ac2e-11e9-8a69-bb4b29648562","Abs Workout for People who get Bored Easily - Core and Cardio Workout"
"a9983b30-ac2e-11e9-8a69-bb4b29648562","10 Minute Abs Workout - At Home Abs Workout with No Equipment"
"dc1f1b50-ac2e-11e9-8a69-bb4b29648562","Bodyweight HIIT Cardio Workout - Sweaty At Home Cardio HIIT"
"0a1692d0-ac30-11e9-8a69-bb4b29648562","Barre Workout for Butt and Thighs - Workout for Lean Legs and Toned Butt"
"ef0b3400-ac2f-11e9-8a69-bb4b29648562","Kettlebell Workout Routine for Strength"
"4bdea180-ac30-11e9-8a69-bb4b29648562","Volleyball Workout Video - Volleyball Exercises for Conditioning & Strength"
"17d387d0-ac2f-11e9-8a69-bb4b29648562","Intense Fat Burning Cardio Intervals and Butt and Thigh Workout"
"bf870200-ac2e-11e9-8a69-bb4b29648562","Quick Sweat Lifting Session: 10 Minute Butt and Thigh Workout"
"651d7320-ac2f-11e9-8a69-bb4b29648562","20 Minute Butt and Thigh Workout - Cardio Step Workout Video with Warm Up & Cool Down"
"c01b0f30-ac2f-11e9-8a69-bb4b29648562","Fast Paced Total Body Cardio & Strength Workout - Time Saving Fat Burner"
"614fa240-ac2f-11e9-8a69-bb4b29648562","Brutal HIIT Ladder Workout Round 2 - Advanced Workout to Push Your Limits"
"27ce9b10-ac30-11e9-8a69-bb4b29648562","Cardio Kickboxing and Core - Smackdown Your Stress"
"d2960170-ac2e-11e9-8a69-bb4b29648562","No Equipment Upper Body and Cardio Kickboxing Workout"
"ad677630-ac2f-11e9-8a69-bb4b29648562","Quick and Fearless Kettlebell Cardio Workout - Ultimate Fat Burn Workout for the Entire Body"
"eb48ca40-ac2e-11e9-8a69-bb4b29648562","Relaxing Total Body Stretching Workout for Stress Relief and Better Sleep - Before Bed Stretches"
"2d433390-ac2f-11e9-8a69-bb4b29648562","Fitness Blender's Free 5-Day Workout Challenge: For Busy People, Day 4"
"178b8ce0-ac30-11e9-8a69-bb4b29648562","Lean Arms Workout - Rhomboids, Shoulders, Bicep, Tricep, and Chest"
"b3336100-ac2f-11e9-8a69-bb4b29648562","Chest and Back Superset Workout - At Home Dumbbell Workout for Strength and Size"
"f50cca40-ac2e-11e9-8a69-bb4b29648562","At Home Butt and Thigh Workout - Booty Sculpting Lower Body Strength Training"
"d9d4e7c0-ac2f-11e9-8a69-bb4b29648562","HIIT And Abs Workout - 63 Minute Ab & Cardio Workout"
"11b6bde0-ac2f-11e9-8a69-bb4b29648562","Quick 10 Minute Lower Body Tabata HIIT"
"0e3167b0-ac2f-11e9-8a69-bb4b29648562","1000 Calorie Workout for 2 Million Subscribers! At Home Workout to Burn 1000 Calories"
"feebf360-ac2e-11e9-8a69-bb4b29648562","Ultimate Butt and Thigh Workout  - Kelli's Lower Body Workout for People Who Get Bored Easily"
"dcc87ab0-ac2e-11e9-8a69-bb4b29648562","Strength and HIIT Workout - Intense Lower Body Workout"
"49485bb0-ac2f-11e9-8a69-bb4b29648562","Daniel's Favorite Lower Back Stretches for Stiff Sore Muscles"
"185cdc10-ac2f-11e9-8a69-bb4b29648562","Abs, Butt and Thigh HIIT Cardio Workout"
"267face0-ac30-11e9-8a69-bb4b29648562","Plyometric and Cardio HIIT for Legs - Functional Plyometrics for Endurance"
"8ac00070-ac2f-11e9-8a69-bb4b29648562","Better Posture Workout - Exercises to Improve Posture and Prevent Hunched Shoulders"
"f6205d20-ac2e-11e9-8a69-bb4b29648562","1000 Calorie Workout Video - At Home HIIT Cardio, Strength, and Abs Workout to Burn 1000 Calories"
"10a1cb70-ac2f-11e9-8a69-bb4b29648562","Lower Body Strength for Mass - Ultimate Home Workout for Lower Body Mass"
"c8cd6d90-ac2e-11e9-8a69-bb4b29648562","1000 Calorie Workout for 4 Million Subscribers! At Home Workout to Burn 1000 Calories"
"460cea50-ac30-11e9-8a69-bb4b29648562","Abs & Cardio Blend: Workout to Lose Belly Fat"
"83b9e7f0-ac2f-11e9-8a69-bb4b29648562","No Equipment Upper Body Workout for Great Arms, Shoulders and Upper Back"
"53c0c220-ac30-11e9-8a69-bb4b29648562","Beginner Kettlebell Workout - Kells Kettlebells Routine"
"c4cb9460-ac2e-11e9-8a69-bb4b29648562","20 Minute Pilates Workout: Pilates Butt and Thigh Workout"
"9dcc67d0-ac2f-11e9-8a69-bb4b29648562","Fat Burning Cardio Workout for Butt and Thighs with Yoga Cool Down"
"6a76ed10-ac2f-11e9-8a69-bb4b29648562","Upper Body Strength Training and Core Workout - Abs and Upper Body Supersets"
"7fa52300-ac2f-11e9-8a69-bb4b29648562","Upper Body Active Stretch Workout - Arms, Shoulder, Chest, and Back Stretching Exercises"