msgid,msgstr,
ALL,MINDEN,
Search,Keres,
Online,Online,
Register,Regisztrálni,
Login,Belépni,
Zip Code,Irányítószám,
No record found for your search criteria.,Nem talált semmilyen feljegyzést az alábbi keresési feltételekkel.,
Start a new Search,Új keresés indítása,
View Profile,Profil megnézése,
Non State,Nem állami,
Username:,Felhasználónév:,
Email:,E-mail cím:,
Note: A password will be emailed to you.,Megjegyzés: Egy jelszót fogunk küldeni az e-mail címedre.,
Username or Email already exist. Please try another one.,A felhasználónév vagy az email-cím már létezik. Próbáld egy másikkal.,
Please check your email for your username and password.,"Kérjük, ellenőrizze e-mailben jelszavát és felhasználónevét.",
Registration Successful,Sikeres regisztráció,
Your Login Details,Belépési adataid,
Registration is currently disabled.,A regisztráció jelenleg nem üzemel.,
Remember Me,Jegyezz meg,
Resend Password,Jelszó újraküldése,
Send New Password,Új jelszó küldése,
New Password Sent,Új jelszó elküldve,
Password Reset Successful,Jelszó visszaállítása sikeres,
Fields should not be empty.,Ne hagyjon üresen mezőt.,
Please enter a valid email address.,"Kérjük, írjon be egy érvényes e-mail címet.",
Dating Site Admin,Társkereső oldal adminisztrátor,
Zip Codes,Irányítószámok,
Select ON to activate the Zip Code field,Válassza a BE-t az Irányítószám mező aktiválásához,
Profiles,Profilok,
Galleries Photos,Galériafotól,
Members Photos,Tagok fotói,
Audios,Audió fájlok,
Videos,Videók,
Emails,E-mailek,
Blogs,Blogok,
Settings changes are saved.,Beállítások változtatása elmentve.,
Photos Waiting to be Approved,A fotók jóváhagyásra várnak,
Rejected Photos,Elutasított fotók,
Approve,Jóváhagyni,
Reject,Elutasítani,
Skip,Átugrani,
User Name,Felhasználónév,
Email Address,E-mail cím,
Registration Date,Regisztráció dátuma,
Status,Státusz,
Select Status,Státusz választása,
Submit,Küldeni,
Reason,Ok,
Title:,Cím:,
State:,Állapot:,
Select State,Állapot kiválasztása,
Date of Birth:,Születési idő:,
General,Általános,
Memberships,Tagságok,
Gateways,Gateway-ek,
Spam,Spam,
Premium Access,Prémium hozzáférés,
Matches,Találatok,
Profile,Profil,
Flirts,Flörtök,
Geography,Földrajz,
Email Templates,E-mail sablonok,
Language,Nyelv,
Blacklists,Feketelisták,
Coupon,Kupon,
Essays,Esszék,
Members Profiles,Tagok profiljai,
Pending,Függőben,
Approved,Jóváhagyva,
Rejected,Elutasított,
Skiped,Átugrott,
Deleted,Törölt,
New Email,Új e-mail,
Premium Member,Prémium tagság,
Active,Aktív,
Inactive,Inaktív,
edit,Szerkeszt,
Delete,Töröl,
Activation,Aktiválás,
Free Mode,Szabad mód,
My Articles,Cikkeim,
My Friends,Barátaim,
Skype Mode,Skype mód,
My Blogs,Blogjaim,
Flirt Module,Flört Modul,
Enable Coupons,Kuponok engedélyezése,
Enable Essay,Esszé engedélyezése,
Select ON to activate Skype in the Profiles.,Válassza a BE-t a Skype aktiválásáért profiljaiban.,
Select ON to activate the site in Free Mode.,"Válassza a BE-t, hogy aktiválja az oldalt Szabad módban.",
Select ON to activate My Articles.,"Válassza a BE-t, hogy aktiválja az Oldalaim-at.",
Select ON to activate My Friends Modules.,A Barátaim modulok aktiválásához válassza ki a BE-t.,
Select ON to activate Skype.,A Skype aktiválásához válassza ki a BE-t.,
Select ON to activate avatars Blog,Az Avatárok Blogja aktiválásához válassza ki a BE-t.,
Select ON to activate the Flirt Module.,A flört modul aktiválásához válassza ki a BE-t.,
Select ON to activate the Coupons.,A kuponok aktiválásához válassza ki a BE-t.,
Select ON to activate Essays.,Esszék aktiválásához válassza ki a BE-t.,
Approval,Jóváhagyás,
Authorize Profiles,Profilok engedélyezése,
Authorize Youtube,Youtube engedélyezése,
Authorize Videos,Videók engedélyezése,
Authorize Audios,Audió felvételek engedélyezése,
Authorize Articles,Cikkek engedélyezése,
Authorize Blogs,Blogok engedélyezése,
Authorize Photos,Fotók engedélyezése,
Authorize Comments,Kommentek engedélyezése,
Authorize Galleries,Galériák engedélyezése,
Authorize Essays,Esszék engedélyezése,
Select ON to automatically approve the members profiles.,A tagok profiljainak automatikus jóváhagyásához válassza ki a BE-t.,
Select ON to automatically approve youtube.,A Youtube automatikus jóváhagyásához válassza ki a BE-t.,
Select ON to automatically approve Videos uploaded by members.,Tagok által feltöltött videók automatikus jóváhagyásához válassza ki a BE-t.,
Select ON to automatically approve the Audios uploaded by your members.,Tagok által feltöltött audió felvételek automatikus jóváhagyásához válassza ki a BE-t.,
Select ON to automatically approve articles.,Cikkek automatikus jóváhagyásához válassza ki a BE-t.,
Select ON to automatically approve blogs post.,Blogok posztolásának automatikus jóváhagyásához válassza ki a BE-t.,
Select ON to automatically approve photos uploaded by your members,Tagok által feltöltött fotók automatikus jóváhagyásához válassza ki a BE-t.,
Select ON to automatically approve comments,Kommentek automatikus jóváhagyásához válassza ki a BE-t.,
Select ON to automatically approve your members galleries.,Tagjaid galériáinak automatikus jóváhagyásához válassza ki a BE-t.,
Select ON to automatically approve essays.,Esszék automatikus jóváhagyásához válassza ki a BE-t.,
Settings,Beállítások,
Audio count,Audió fájlok száma,
Video count,Videók száma,
Image count,Képek száma,
Currency Sign,Pénznem jele,
Currency,Pénznem,
Trial Premium,Próbaprémium,
Free Trial Gender,"""Nem"" ingyenes próbaidő",
Number of Audio files allowed to upload in your members Profiles,Tagok profiljaiban feltölthető audió fájlok száma,
Number of Videos allowed to upload in your member's Profiles,Tagok profiljaiban feltölthető videók száma,
Number of Images allowed to upload in your members Profiles,Tagok profiljaiban feltölthető képek száma,
Select your Currency Symbol,Válassza ki pénznemének szimbólumát,
Select your Currency,Válassza ki pénznemét,
Number of days for Premium Membership - Enter -1 for no,"Prémium tagság napjainak száma - Írjon be -1-et, ha nem",
Who gets free trial of Premium Membership?,Ki kaphat ingyenes próbaidőt prémium tagságra?,
Free Trial,Ingyenes próbaidő,
Select ON to activate Free Trial,Az ingyenes próbaidő aktiválásához válassza ki a BE-t.,
Gender,Nem,
"Set gender for Free Trial, Male or Female or Both","Állítsa be nemét ingyenes próbaidőre, férfi vagy nő vagy mindkettő",
Days,Napok,
Male,Férfi,
Female,Nő,
Both,Mindkettő,
Enable Email,E-mail aktiválása,
Select ON to enable free email access. Choose gender below.,Szabad email hozzáférés aktiválásához válassza ki a BE-t. Alul válassza ki nemét.,
Set Male or Female to allow email access to specific gender,"Állítson be férfit vagy nőt, hogy specifikus nemeknek engedélyezze az email hozzáférést.",
Member List,Taglista,
All,Minden,
Select which member list will be shown on the front page.,"Válassza ki, hogy melyik taglista legyen a címoldalon.",
Force Profile,Force Profile,
Select ON to force members to create a profile before searching.,Select ON to force members to create a profile before searching.,
Rate Profile,Profil értékelése,
Custom Memberships,Személyre szabott tagságok,
Name,Név,
Price,Ár,
Number of Days,Napok száma,
Paypal Address,Paypal cím,
Spam Filter,Spam szűrő,
Spam Tolerange,Spam tolerancia,
Spam Limit,Spam korlát,
Spam Words,Spam szavak,
Spamword,Spamszó,
Select ON to activate the Spam Filter,A Spam szűrő aktiválásához válassza ki a BE-t.,
count of identical emails,Azonos emailek száma,
count of badwords in email,Csúnya szavak száma az emailekben,
Profile Setup,Profil felállítása,
Existing Profile Questions:,Létező profilkérdések:,
Name:,Név:,
Type:,Típus:,
Order:,Order:,
Add New Profile Question:,Új profil kérdés hozzáadása:,
Question,Kérdés,
Max Char:,Maximum karakter:,
Required:,Kötelező:,
Add Profile Question:,Profil kérdés hozzáadása:,
Add New Option:,Új opció hozzáadása:,
Add,Hozzáad,
Option value,Opció értéke,
Flirt Message,Flört üzenet,
Flirt Text:,Flört szöveg:,
Home,Kezdőoldal,
Email,Email,
Edit Profile,Profil szerkesztése,
Add Photos,Fotók hozzáadása,
Media,Média,
Add Videos,Videók hozzáadása,
Add Music,Zene hozzáadása,
Extras,Extrák,
No record found.,Nem talált feljegyzést.,
Messages,Üzenetek,
Compose,Összeállít,
Sent,Küldött,
Winks,Rákacsintások,
Friends,Barátok,
Favorites,Kedvencek,
Alerts,Értesítések,
Blocked,Blokkolt,
2,2,
My Messages,Üzeneteim,
Gender:,Nem:,
Man,Férfi,
Woman,Nő,
I am:,Én vagyok:,
Seeking a:,Keresek egy:,
Seeking:,Keresek:,
Age:,Kor:,
Country:,Ország:,
Select Country,Válassz országot,
City:,Város:,
Select City,Válassz várost,
Zip:,Irányítószám:,
Profile Questions,Profil kérdések,
Verification Number,Azonosító szám,
I have read and accept Terms of Service,Elolvastam és elfogadom a szolgáltatási feltételeket,
Location:,Elhelyezkedés:,
Score:,Pontszám:,
Quick Stats:,Gyors statisztika:,
New Messages:,Új üzenetek:,
New Friends:,Új barátok:,
New Gifts:,Új ajándékok:,
Credits:,Kreditek:,
Membership:,Tagság:,
Status Update,Állapotfrissítés,
About Me,Rólam,
New Message,Új üzenet,
Trash,Szemét,
My Favorites,Kedvenceim,
Subject,Tárgy,
Sender,Feladó,
Delete Selected,Kiválasztottak törlése,
New Members,Új tagok,
Popular Members,Népszerű tagok,
Update,Frissítés,
Profile Trending,Profil trend,
Who Viewed Me,Ki nézett meg,
Who I Viewed,Akiket megnéztem,
Who's Online,Ki van online,
Back to Inbox,Vissza a postafiókba,
Please enter,Kérjük írja,
Please Select,Kérjük válassza ki,
values,értékek,
Reply,Válasz,
Message,Üzenet,
Send,Küld,
Message Sent Sucessfully.,Üzenet sikeresen elküldve.,
Could not continue as text entered contains words included in our spam filter.,"Sajnos nem tudtuk tovább folytatni, mivel a szöveg olyan szavakat tartalmaz, amelyek a spam szűrőnkben vannak.",
You forgot to enter Subject.,Elfelejtetted a tárgyat.,
You forgot to select your Friend.,Elfelejtettél barátot választani.,
You forgot to enter Message.,Elfelejtettél üzenetet írni.,
You forgot to enter About Me.,Elfelejtettél írni magadról (Rólam).,
Alert Member Notifications-> You can&rsquo;t send a Message to this Member.,Alert Member Notifications-> You can&rsquo;t send a Message to this Member.,
To,Címzett,
Send Message,Üzenet küldése,
No Winks!,Nincsenek rákacsintások!,
No Friends!,Nincsenek barátaid!,
"Currently,you have no Favorites!",Jelenleg nincsenek kedvenceid!,
My Matches,Egybeeséseim,
No matches found!,Nem talált egybeeséseket!,
Pending Friend Requests.,Függőben lévő baráti meghívások.,
Currently you donot have friend request.,Jelenleg nincsenek baráti meghívásaid.,
Blocked Members,Blokkolt tagok,
Unblock,Blokk visszavétele,
No Blocked Members!,Nincsenek blokkolt tagjaid!,
Your profile will be updated within 24 hours.,A profilod 24 óra múlva frissül,
Pictures you uploaded will be approved within 24 hours.,Feltöltött képeidet 24 óra múlva jóváhagyjuk.,
Your audio files will be approved within 24 hours.,Audió fáljait 24 óra múlva jóváhagyjuk.,
Videos you uploaded will be approved within 24 hours.,Feltöltött videóit 24 óra múlva jóváhagyjuk.,
Please update Profile Before Add to friend.,"Kérjük, frissítse profilját, mielőtt hozzáadná barátaihoz.",
You can Upload only <#COUNT#> photos.,Ön csak <#COUNT#> fotót tud feltölteni.,
You can only upload <#COUNT#> Audios,Ön csak <#COUNT#> audió fájlt tud feltölteni.,
You can only upload <#COUNT#> videos,Ön csak <#COUNT#> videót tud feltölteni.,
Error uploading <#FILE_NAME#> Please try again.,"Hiba történt <#FILE_NAME#> felöltése során. Kérjük, próbálja meg újra.",
System error encountered while uploading <#FILE_NAME#>,Rendszerhiba észlelve <#FILE_NAME#> feltöltése során.,
<#FILE_NAME#> cannot be uploaded.,<#FILE_NAME#> -t nem tudjuk feltölteni.,
No file selected.,Nem választott ki fájlt.,
Uploaded successfully.,Sikeresen feltöltve.,
Add Audio:,Audió fájl hozzáadása:,
Add Audio,Audió fájl hozzáadása,
Your profile has been updated!,A profilod frissítve lett!,
"Sorry, you have provided an invalid security code","Sajnáljuk, érvénytelen biztonsági kódot adott meg",
"Sorry,You are blocked by this user. You can not send a message.","Sajnáljuk, a felhasználó blokkolta Önt. Mem küldhet üzenetet neki.",
Yes,Igen,
No Preference,Nincs preferencia,
No,Nem,
Select,Válassza ki,
Pictures,Képek,
Guestbook,Vendégkönyv,
Add to Friends,Hozzáadás barátokhoz,
Add to Favorites,Hozzáadás kedvencekhez,
Send a Gift,Ajándék küldése,
Send Wink,Wink küldése,
Skype Me,Skype-olj velem,
Chat Now!,Chattelj most!,
More photos,Több fotó,
Votes:,Szavazatok:,
Views:,Megtekintések:,
Block member,Tag blokkolása,
Report,Report,
Comments,Kommentek,
Add comment,Komment hozzáadása,
Member Blocked.,A tag blokkolt.,
Already Exists in your blocked list.,Már a blokkoltak listáján szerepel.,
You are not a friend of this member so you can&rsquo;t view this members pictures.,You are not a friend of this member so you can&rsquo;t view this members pictures.,
Your profile has not been approved yet. Please wait for 24 hours or write to the admin.,"A profilod még nem lett jóváhagyva. Kérjük, várjon egy 24 órát vagy írjon az adminnak.",
No Profile Exists.,Nem létezik profil.,
You forgot to select Wink text.,Elfelejtett kiválasztani a kacsintás szöveget.,
You can&rsquo;t view member Friends.,You can&rsquo;t view member Friends.,
You can&rsquo;t view member Videos.,You can&rsquo;t view member Videos.,
You can&rsquo;t view member Audios.,You can&rsquo;t view member Audios.,
"Your Friend Request was sent successfully. After your request is accepted, you can view your added friends in your Friends list.","A baráti kérésed sikeresen el lett küldve. Miután a kérés el lett fogadva, megtekintheti hozzáadott barátait a Barátok listáján.",
Alert Member Notifications-> You can&rsquo;t send Friend Request to this Member.,Alert Member Notifications-> You can&rsquo;t send Friend Request to this Member.,
You have Already sent a request to this Member!,Már küldtél baráti kérést ennek a tagnak!,
Already your Friend!,Ő már a batátod!,
You can&rsquo;t add yourself!,You can&rsquo;t add yourself!,
Back to Profile,Vissza a profilhoz,
Profile added as Favorites!,Profil hozzáadva a kedvencekhez!,
Already added in your favorites list!,Már hozzá lett adva a kedvencek listájához!,
You can&rsquo;t send a message to yourself!,You can&rsquo;t send a message to yourself!,
"You can&rsquo;t send message, Member not added in your friend list!","You can&rsquo;t send message, Member not added in your friend list!",
Create Album,Album létrehozása,
Upload Photos,Fotók feltöltése,
Manage Photos/Album,Fotók/Albumok kezelése,
Add Video,Videó hozzáadása,
Add Album:,Album hozzáadása:,
Add Video:,Videó hozzáadása:,
Upload,Feltölt,
Add Album,Album hozzáadása,
Album,Album,
Edit,Szerkeszt,
Select Album,Album kiválasztása,
Upload Photo:,Fotó feltöltése:,
Add Photo,Fotó hozzáadása,
Back to Albums,Vissza az albumokhoz,
Album has been deleted.,Az album törölve lett.,
"Album could not be deleted, Please Delete Photos of this Album before Deleting this Album","Az albumot nem lehetett törölni. Kérjük, először törölje az album fotóit mielőtt az albumot törölné",
Advanced,Haladó,
Save Searches,Keresések mentése,
Search Result,Eredmények mentése,
Years,Évek,
Additional Options,További opciók,
Online Only,Csak online,
With Pictures Only,Csak képekkel,
Save this search,Mentsd le ezt a keresést,
Save this Search as:,Mentsd le ezt a keresést mint:,
Display type,Display type,
Search Name,Név keresése,
Search Type,Típus keresése,
Account,Felhasználó fiók,
Notification,Értesítés,
Privacy,Adatvédelem,
Skype,Skype,
Upgrade Account,Fiók bővítése,
You forgot to enter your email address.,Elfelejtett email címet írni.,
You entered an invalid email address.,Érvénytelen email címet írt be.,
Please enter Pasword,"Kérjük, írja be jelszavát",
Please enter the same password in the two password fields.,"Kérjük, írja be ugyan azt a jelszót mind a két helyre.",
You Account Settings has been updated.,Fiók beállításaid frissültek.,
Username,Felhasználónév,
Can&rsquo;t Change,Can&rsquo;t Change,
Password:,Jelszó:,
Confirm Password,Jelszó megerősítése,
Settings Updated.,Beállítások frissítve.,
Private messages,Privát üzenetek,
Friend requests,Baráti kérések,
Who can view my pictures,Ki tekintheti meg a képeimet,
Who can view my friends,Ki tekintheti meg a barátaimat,
Who can view my Profile,Ki tekintheti meg a profilomat,
Who can view my Video,Ki tekintheti meg a videóimat,
Who can view my Audio,Ki tekintheti meg az audió fájljaimat,
Everyone,Mindenki,
Upgrade now and enjoy double limits of regular members for the whole,Bővítse fiókját most és élvezzen dupla korlátot az állandó tagjainak számára,
You forgot to select your country.,Elfelejtett országot választani.,
You forgot to enter your Zipcode.,Elfelejtett beírni a zip kódját.,
You forgot to Select your City.,Elfelejtett kiválasztani városát.,
You forgot to select your State.,Elfelejtett kiválasztani államot.,
please select Yes if you read and accept Terms of Service.,"Kérjük, válassza az Igen-t, ha elolvasta és elfogadja a szolgáltatási feltételeket.",
Skype Name:,Skype név:,
Skype Setting:,Skype beállítások:,
Show to Everyone,Mutassa mindenkinek,
Show to Favorites,Mutassa kedvenceknek,
Add Blogs,Blogok hozzáadása,
Title,Cím,
Blog,Blog,
Tags,Tag-ek,
Date,Dátum,
Blog Title,Blog címe,
Blog Date/Time,Blog dátuma/ideje,
Viewed Me,Megnézett engem,
I Viewed,Megnéztem,
Trending,Trendben,
Trending Profiles,Trendben lévő profilok,
Interest Cloud,Érdeklődési felhő,
My Interests,Érdeklődéseim,
Accounting,Accounting,
Total Amount,Teljes összeg,
During Last:,Utolsó alkalomkor:,
On the Date:,A randinál:,
Between Dates:,Randik közt:,
Totals,Összegek,
Please enter days!,"Kérjük, írja be a napok számát!",
Please enter the date!,"Kérjük, írja be a dátumot!",
please enter date range!,"kérjük, írja be az időtartamot!",
Please enter date range!,"Kérjük, írja be az időtartamot!",
Please enter a number!,"Kérjük, írja be egy számot!",
$,$,
Days (Type 0 for today's transactions),Napok (Írjon 0-t a mai tranzakciókra),
Search Premium Members,Pérmium tagok keresése,
Grant Premium Membership,Prémium tagságot adni,
Search Users,Felhasználók keresése,
Add IP to blacklist,IP-cím hozzáadása a feketelistához,
Blacklisted IP's,IP-címek a feketelistában,
Username/IP,Felhasználónév/IP-cím,
Users,Felhasználók,
IP Address,IP-címek,
Blacklisted,Feketelistázott,
Language Admin,Nyelvi admin,
Code Name,Kódnév,
Text Name,Szöveg neve,
Audio,Audió fájl,
Video,Videó,
Currency Symbol,Pénznem szimbóluma,
Thumbnails,Thumbnail-ek,
Demographics,Demográfiai adatok,
Add Language Text,Szöveg nyelvének megadása,
Instant Messenger,Instant üzenetküldő,
Site ID,Oldal azonosítója,
API Key,API Kulcs,
Profile Generator,Profil Generátor,
Age Range,Korbeli intervallum,
Add About Me,Rólam hozzáadása,
Add My Match,Találatom hozzáadása,
Images,Képek,
Number of Interests,Érdeklődések száma,
Random,Véletlenszerű,
Generate,Generálni,
Select ON to allow members to Rate Profiles.,"Válassza ki a BE-t, hogy engedélyezze a tagoknak a profilok értékelését.",
Couples,Párok,
My Profile,Profilom,
Partner Profile,Társprofil,
Username Search,Felhasználónév keresése,
DS News,DS Hírek,
DatingSolutions.biz News,DatingSolutions.biz Hírek,
Date Tracker,Randi számláló,
Select ON to activate the Date Tracker mode.,Válassza ki a BE-t a Randi számláló aktiválásához.,
Select ON to activate instant Messenger,Válassza ki a BE-t az instant üzenetküldő aktiválásához.,
IM Recipient,IM Címzett,
Select ON to activate IM. Recipient must be premium member,Válassza ki a BE-t az IM aktiválásához. A kedvezményezettnek prémium tagnak kell lennie,
Select ON to activate the Blog.,Válassza a BE lehetőséget a blog aktiválásához.,
Picture Gallery,Képgaléria,
Select ON to activate the Picture Gallery.,Válassza a BE lehetőséget a Képgaléria aktiválásához.,
Select ON to activate the Video.,Válassza a BE lehetőséget a Videó aktiválásához.,
Select ON to activate the Audio.,Válassza a BE lehetőséget az Audió fájl aktiválásához.,
Match Alert,Találat értesítő,
Select ON to activate the Match Alert.,Válassza a BE-t az egybeesési értesítő aktiválásához.,
Select ON to activate the Couples Mode.,Válassza az BE lehetőséget a Pár mód aktiválásához.,
Report User,Felhasználó bejelentése,
Block User,Felhasználó blokkolása,
You must be logged in to use this feature.,Ennek a funkciónak a használatához be kell jelentkeznie.,
"Only premium member can access this feature, Please upgrade your account","Csak a prémium tag férhet hozzá ehhez a szolgáltatáshoz, kérjük, bővítse a fiókját",
"Your Premimum Account has been expired, Please upgrade your account",A prémium fiókja lejárt. Kérjük frissítse fiókját,
Recipient member is not a premium member.,Regisztrált tag még nem prémium tag.,
Recipients Premimum Account has been expired.,A prémium fiók lejárt,
Have you gone on a date with this person?,Randiztál ezzel a személlyel?,
Are you sure you want to report this profile?,"Biztos, hogy jelenteni akarod ezt a profilt?",
Are you sure you want to delete?,"Biztos, hogy törölni akarod?",
Are you sure you want to delete this Album?,"Biztos, hogy törölni akarod ezt az albumot?",
Are you sure you want to update this Album?,"Biztos, hogy frissíteni akarod ezt az albumot?",
Are you sure you want to delete this Picture?,"Biztos, hogy törölni akarod ezt az képet?",
Are you sure you want to Approve the selected friend request?,"Biztos, hogy jóváhagyod ezt a barátnak jelölést?",
Are you sure you want to Reject the selected friend request?,"Biztos, hogy elutasítod ezt a barátnak jelölést?",
Are you sure you want to Delete the selected Member?,"Biztos, hogy törölni akarod a megjelölt személyt?",
Are you sure you want to Delete this email?,"Biztos, hogy törölni akarod ezt az emailt?",
Are you sure you want to Delete this wink?,"Biztos, hogy törölni akarod ezt a kacsintást?",
Are you sure you want to delete this Audio file?,"Biztos, hogy törölni akarod ezt a hangfájlt?",
Are you sure you want to delete this Video?,"Biztos, hogy törölni akarod ezt a videót?",
Are you sure you want to delete this Blog?,"Biztos, hogy törölni akarod ezt a blogot?",
Are you sure you want to update this Blog?,"Biztos, hogy frissíteni akarod ezt a blogot?",
Description,Leírás,
Limit Profile View,Profil nézet limitálása,
Select ON to activate the Limit Profile View mode.,"Válaszd az ON-t, hogy aktiváld a Limitált Profil Nézet módot",
Number of profiles,Profilok száma,
Your membership plan is being processed and you will now be redirected to PayPal.,"A tagságod csomagod elöállítása folyamatban van, most átirányítunk a PayPal oldalára.",
Register Redirect,Regisztrálás átirányítása,
Select ON to activate the Register Redirect mode.,"Válaszd az ON-t, hogy aktiváld a Regisztrálás Átirányítása módot",
URL,URL,
SEO,SEO,
eDatingMoz,eDatingMoz,
Mobile,Mobil,
Select ON to activate the Mobile Mode. Depreciated Soon.,"Válaszd az ON-t, hogy aktiváld a Mobil Módot. Leértékelés hamarosan",
Guest Limit Profile,Limitált vendég profil,
Select ON to activate the Guest Limit Profile View mode.,"Válaszd az ON-t, hogy aktiváld a Limitált Vendég Profil módot",
Add New Language,Új nyelv hozzáadása,
Language Name,Nyelv neve,
Charset,Karakterkódolás,
Import Language File,Nyelv fájl importálása,
Flag Image,Zászló kép,
Download Flag First,Zászló letöltése elöször,
Please enter language name!,"Kérjük, válassz nyelvet",
Please select image!,"Kérjük, válassz képet",
Please select language file!,Kérjük válassz egy nyelv fájlt,
Unknown extension for image!,Ismeretlen kép kiterjesztést,
Image is too large please reduce flag image below,"A kép mérete túl nagy, kérjük csökkents a méretét.",
Minimum,Minimum,
Maximum,Maximum,
Dimension is required for image.,A kép dimenziója is szükséges,
KB,KB,
Download Language File and Translate Before Importing,Töltsd le a nyelvfájlt és fordíts le az importálás elött,
Language name already exist!,Ez a nyelv megnevezés már létezik,
Please upload only csv file!,"Kérjük, csak csv fájlt tölts fel",
Are you sure to delete it?,"Biztos, hogy törlöd?",
Please select language!,"Kérjük, válassz nyelvet",
Please enter code!,Add meg a kódot!,
Select Language,Válassz nyelvet,
Birth Date,Születési dátum,
Confirm Email,Email megerösítése,
Provided emails are not same. Please fill again.,"A megadott email címek nem egyeznek. Kérjük, próbáld újra",
Please accept Terms and Conditions.,"Kérjük, fogadd el a felhasználási feltételeket",
Login ID,Login ID,
Transaction ID,Tanzakció ID,
MD5 Hash,MD5 Hash,
Select Payment Gateway,Válassz fizetési módot,
Credit Card Number,Hitel/Bankkártya száma,
Expiration Date,Lejárati dátum,
CCV,CCV,
First Name,Név,
Last Name,Családi név,
Address,Cím,
State,Megye,
Zip,Irányítószám,
Cancel,Mégse,
<b>Please Note:</b> We do not store your credit card information.,<b>Megjegyzés</b> A kártyájának adatait nem tároljuk,
Select ON to activate the Gateways mode.,"Válaszd az ON-t, hogy aktiváld a Gateway módot",
You have reached the limit of profile views. Please upgrade your membership plan.,"Elérted a profil megtekintések határát. Kérjük, frissítsd a tagsági csomagod",
Image Crop Tool,Képmetszö alkalmazás,
Select ON to activate the image crop mode.,Válaszd az ON-t hogy aktiváld a képmetzsö módot,
Quick Stats,Gyors statisztika,
This Week,Ezen a héten,
A user has reported the following profile. Please check the profile.,"Egy felhasználó jelentette a következö profilt. Kérjük, nézd meg a profilt",
Your IP is blacklisted by admin,Az admin blokkolta az IP címed,
Logs,Logok,
Clear Group Chat Log,Töröld a Csoport beszélgetést,
Chat Logs Cleared.,Chat beszélgetés törölve,
Chat,Chat,
Group Chat Mode,Csoport chat mód,
Select ON to activate the Chat mode.,"Válaszd az ON-t, hogy aktiváld a chat módot",
Select ON to activate the Comments mode.,"Válaszd az ON-t, hogy aktiváld a komment módot.",
Please allow 24 hours for profile approval.,"Kérjük várjon 24 órát, amíg a profil aktiválva lesz",
Your status has been updated!,Az állapotod frissítve lett,
Status Update:,Állapot frissítése,
My Status:,Àllapotom:,
Are you sure you want to delete this Comment?,"Biztos, hogy törölni akarod ezt a kommentet?",
You must be logged in to comment,"Be kell jelentkezned, hogy kommentelni tudj",
Import Zip Codes,Irányítószámok importálása,
IM Solution:,IM Megoldás:,
FlashChat Script,Flashchat Script,
"There is some internal error ,please contact the admin.","Belsö hiba lépett fel, kérjük fordulj az adminhoz",
API Password,API jelszó,
Paypal Advance User Name,PayPal Advance felhaszálónév,
API User Name,API felhasználónév,
Paypal Advance Password,PayPal Advance jelszó,
API Signature,API Aláírás,
Address-2,Lakcím-2,
Address-1,Lakcím-1,
Expiration Month(mm),Lejárati hónap(mm),
Expiration Year(yyyy),Lejárati év(yyyy),
Credit Card,Hitel/Bankkártya,
Standard Member,Standard felhasználó,
Premium Membership <br /> Expires in [D] Days,Prémium felhasználó <br /> Lejár [D] nap múlva,
Discover,Fedezd fel,
Amex,Amex,
MasterCard,Mastercard,
Visa,Visa,
Upgrade / PayPal,Upgrade / PayPal,
Upgrade / Credit Card,Upgrade / Credit Card,
Upgrade / PayPal Pro,Upgrade / PayPal Pro,
Upgrade/Paypal Advance,Upgrade/Paypal Advance,
Quick search,Gyors keresés,
You must be logged in to chat,Be kell jelentkezned a chateléshez,
Stealth Mode,Ingkognitó mód,
Your Premimum Account has been expired.,A prémium fiók lejárt,
Upgrade Here.,Frissítés itt,
You must be a premium member to comment.,A kommenteléshez prémium fiókra van szükség,
Rate Results,Èrtékelés eredménye,
You Rated,Értékeltél,
Highest Score,Legmagasabb pont,
Average Score,Átlagos pont,
Votes,Szavazatok,
Rating,Èrtékelés,
If you are not automatically redirected to paypal within 5 seconds...,Ha nem történik meg az átirányítás a paypal fiókra 5 másodperc múlva…,
Please try again!,"Kérjük, próbáld újra",
Processing Payment...,Fizetés folyamatban,
"Please wait,Your membership plan is being processed and","Kérjük várj, a tagsági elöfizetésed folyamatban van és",
and,és,
You will be redirected to the paypal website.,Átirányítunk a Paypal weboldalára,
Private:,Privát:,
Frequency,Gyakoriság,
Daily,Napi,
Weekly,Heti,
Monthly,Havi,
"<b>Note:</b> Matches are sent to the email you registered with. If you don't recieve them, please check your spam folder.","<b>Megjegyzés</b> A találatok a regisztrált emailedre lettek elküldve. Ha nem kaptad meg, akkor ellenörizd a spam-ot is.",
to:,számára,
Miles from Zip Code:,távolság az irányítószámodtól,
Sorry Your subscription procedure has failed. Please try again!,"Sajnáljuk, az elöfizetés létrehozása nem sikerült. Kérjük próbáld újra",
Sorry your transaction could not completed successfully. Please try again!,"Sajnáljuk, a tanzakció nem sikerült. Kérjük próbáld újra",
Your transaction has been canceled.,A tranzakció megszakítva,
Sorry Your transaction could not completed successfully,"Sajnáljuk, a tanzakció nem sikerült.",
Your membership is canceled successfully.,Az elöfizetésed sikeresen meg lett szakítva,
Sorry Your membership could not be canceled successfully.Please try later.,"Sajnáljuk, az elöfizetés megszakítása nem sikerült. Kérjük, próbáld újra",
You do not have any active membership.,Nincs aktív elöfizetésed,
CANCEL MY MEMBERSHIP,Elöfizetés lemondása,
Are you sure you want to cancel the membership,"Biztos, hogy le akarod mondani az elöfizetést?",
Thank you for your payment!,Köszönjük a fizetést,
plan member.,elöfizetési csomag,
You are already a,Te már,
This gateway will provide recurring billing with paypal advance.,Ez a szolgáltató megújuló fizetést fog alkalmazni a paypal advance-val,
From,Töl,
Wrote,Írta,
Profile Views,Profil megtekintések,
January,Január,
February,Február,
March,Március,
April,Április,
May,Május,
June,Június,
July,Július,
August,Augusztus,
September,Szeptember,
October,Október,
November,November,
December,December,
Make Private,Privát chat,
Detailed,Részletes,
Wink,Kacsint,
Friend,Barát,
Favorited,Kedvenc,
Filter,Szürés,
Click here,Klikkelj die,
I agree to the <a href=[L] target=_blank>Terms and Conditions</a>.,Egyetértek a <a href=[L] target=_blank>Felhasználási feltételek</a>.,
Captcha:,Captcha:,
Astrological Signs,Csillagjegy,
Select ON to activate the Astrological Signs.,Válaszd az ON-t hogy aktiváld a Csillagjegyed,
Layout Number,Nézet szám,
Bank List Language,Banki listanév,
Upgrade / iDEAL,Upgrade / iDEAL,
Clear One on One Chat Log,Privát chat elözmények törlése,
Select ON to activate the One on One Chat mode.,Válaszd az ON-t hogy aktivált a privát chat módot,
One on One Chat,Privát chat,
Offline,Offline,
You must be a premium member to use the chat feature.,Prémium tagság szükséges a chat használatához,
Send Chat Request,Küldj Chat felkérést,
Chat Request,Chat felkérés,
Update Database,Adatbázis frissítése,
Please Update Your Database,"Kérjük, frissítsd az adatbázisod",
Your Database is up-to-date.,Az adatbázisod up-to-date,
Are you sure you want to delete this Virtual gift?,"Biztos, hogy kijelölöd ezt a virtuális ajándékot?",
Send IM Request,Küldj IM felkérést,
Send Skype,Küldj Skype üzenetet,
On,On,
Off,Off,
Virtual Gifts,Virtuális ajándék,
Select ON to activate the Virtual Gifts.,"Válaszd az ON-t, hogy aktiváld a virtuális ajándékot",
Max Gifts,Max ajándékok,
Select ON to activate the Notification.,Válaszd az ON-t hogy aktiváld az értesítéseket,
Notification Position,Értesítés pozíció,
Left Top,balra fent,
Right Top,jobbra fent,
Left Bottom,bal gomb,
Right Bottom,jobb gomb,
Select postion of the Notification.,Válaszd ki az értesítés helyét,
Notification Time,Értesítés idözítés,
Select duration of the Notification (in Seconds) .,Válaszd ki az értesítés idötartamát,
The site is currently Free. There is no need to upgrade.,Ez az oldal jelenleg ingyenes. Nem kell megújítani,
You're currently a Premium Member under <br />the,Ön egy prémium felhasználó,
Plan.,Terv,
Your Monthly Membership expires on,A havi elöfizetésed lejár,
You're currently a Standard Member. Please upgrade to enjoy all the benefits of a Premium Membership Plan.,"Te egy standard felhasználó vagy. Ùjíts meg a tagságod, hogy az összes prémium feature-t élvezni tudd",
Membership,Tagság,
News Feed,Üzenöfal,
Gifts,Ajándékok,
just added new status update.,új állapot hozzáadva,
just logged in.,bejeletkezve,
just logged off.,kijelentkezve,
just added new video.,új videó hozzáadva,
just added new audio.,új handgájl hozzáadva,
just added new photo.,új fotó hozzáadva,
just added new profile photo.,új profilkép hozzáadva,
No user is online,nincs online felhasználó,
User has received the maximum number of virtual gifts.,A felhasználó a maximum virtuális ajándékot megkapta,
You must log in to send virtual gifts.,Be kell jelentkezned a virtuális ajándék küldéséhez,
Sent by,Küldte,
year old,éves,
from,töl,
just sent you an email.,küldött neked egy emailt,
just added you as a favorite.,hozzáadott a kedvencekhez,
just sent you a friend request.,felkért barátnak,
just viewed your profile.,megnézte a profilod,
just sent you a wink.,rád kacsintott,
I agree to the,egyetértek,
Terms & Conditions,Felhasználási feltételek,
Meet Me,Találkozz velem,
Select ON to activate the Meet Me Feature.,"Válaszd az ON-t, hogy aktiváld a Találkozz Velem Feature-t",
Password,Jelszó,
About,Rólunk,
Want to meet this user?,Akarsz találkozni ezzel a felhasználóval?,
No more members available to meet,Nincs elérhetö felhasználó a találkozáshoz,
Clear Meet Me Log,Találkozz velem elözmények törlése,
One on One Chat Logs are Cleared.,Privát chat elözmények törölve,
Meet Me Logs Cleared.,Találkozz velem elözmények törölve,
Logout,Kijelentkezés,
Reload,Ùjratöltés,
Tracker,Követés,
Favourite,Kedvencek,
Photos,Fotók,
Sound,Hang,
Upgrade,Frissítés,
You can not send yourself a gift,Magadnak nem küldhetsz ajándékot,
Back,Vissza,
Profile Info,Profil információ,
Location,Helyzet,
Clear Notifications,Értesítések törlése,
Notifications Cleared.,Értesítések törölve,
Add Friend,Barát hozzáadása,
"Sorry, you have been blocked by this user.","Sajnáljuk, ez a felhasználó blokkolt téged",
Add Text,Szöveg hozzáadása,
Add Language,Nyelv hozzáadása,
Save,Mentés,
Blog updated successfully.,Blog sikeresen frissítve,
Blog added successfully.,Blog sikeresen hozzáadva,
Join Free,Csatlakozz ingyen,
JOIN FREE,Csatlakozz ingyen,
Members,Tagok,
Refresh Rate,Értékelés frissítése,
Enter duration for Refresh Features,Add meg az idötartamot a feature-k frissítéséhez,
Fields are mandatory,Minden mezö kötelezö,
Browse,Böngéssz,
DSP Browse,DSP böngészés,
Pick what you want to show:,Válaszd ki a megfelelöt,
By Sex,Nem szerint,
By Age,Kor szerint,
Pagination Color,lapszámozás szín,
Enter 6 digit color code for Pagination.,Válassz 6 számjegyü színt  a lapszámozási szín hozzáadásához,
Credits,Kreditek,
Select ON to activate the Credits mode.,Válaszd az ON-t a Kredit mód aktiválásához,
Credits Usage,Kredit felhasználás,
Credits Purchased:,Kreditek,
Credits Used:,Felhasznált kreditek,
Reset,Visszaállítás,
Extend,Kibövítés,
Remove,Törlés,
Price Per Credit,Àr/Kredit,
This is the price per credit. Do not use the currency sign. Just put the number.,Ez a kredit ára. Ne használj valuta jelet. Csak add meg az összeget,
Credit Per Emails,Kredit/email,
This is the number of credits required to send per email.,Ennyi kredit szükséges az email küldéshez,
Save Changes,Változások mentése,
Note:,Megjegyzés,
The number of emails a user can send per credit is based on the Emails per Credit you setup.,Az emailek küldése kreditenként a saját email/kredit beállításaidtól függ,
"For example, if you set the price at $1 dollar and set the Emails per Credit to 4 then when that","Például, ha 1$-ra állítod az árat és az email/kredit értékét 4-re,",
"User buys 1 credit, he can send 4 emails. After that he has to buy more credits or purchase a membership.","akkor a felhasználó 1$-ért 4 emailt tud küldeni. Ezután a felhasználónak több kreditek kell vásárolni, vagy egy magasabb tagságot",
You currently have [m] credits left.,Neked [m] kredited maradt,
Buy Credits,Kredit vásárlás,
Purchase Credits,Kredit vásárlás,
Per Credit,Kreditenként,
About Me Text,Leírás magamról,
Mobile Logo (png),Mobil logo,
Mobile Dating App Settings,Mobil társkeresö app beállítások,
Terms Text,Felhasználási szöveg,
Galleries,Galéria,
Are you sure you want to block this member?,"Biztos, hogy blokkolni akarod ezt a tagot?",
aquarius,halak,
pisces,kos,
aries,vízöntö,
taurus,bika,
gemini,iker,
cancer,rák,
leo,oroszlán,
vergo,szüz,
libra,mérleg,
scorpio,skorpió,
sagittarius,nyilas,
capricorn,bak,
Please check your e-mail for the confirmation link.,"Kérjük, nyisd meg az emailt a megerösítö linkhez",
Invalid username or e-mail,èrvénytelen felhasználónév vagy email,
Username or Email,Felhasználónév vagy Email,
The password should be at least seven characters long.,A jelszó minimum 7 karakterböl kell álljon,
password not match.,A jelszók nem egyeznek,
Password has been changed successfully.,Jelszó sikeresen létrehozva,
Enter your new password below.,Add meg az új jelszavadat,
Get Password,Jelszó kérése,
Reset Password,Jelszó újraállítása,
"Note: The password should be at least seven characters long. To make it stronger, use upper and lower case letters, numbers and symbols like !","Megjegyzés: A jelszónak minimum 7 karakter hosszúnak kell lennie. Hogy erösebb legyen, használjon nagybetüt, számokat vagy jeleket mint: !",
Reset password link has been expired.,Jelszó újraállítás link lejárt,
for mobile app,mobile appra,
Client Id,Kliens id,
Secret,Titok,
Admin paypal details are not set yet. Please try again later.,"Admin paypal adatok nem lettek megadva. Kérjuk, próbáld újra késöbb",
Please update Profile Before Send a wink.,"Kérjük frissítsd a fiókod, hogy kacsintást tudj küldeni",
Upgrade Now,Frissítsd most,
MatchNinja,Matchninja,
Serial Code,Széria szám,
Get your Serial Code from,Széria szám igénylése,
mdatepass.com,mdatepass.com,
Search Settings,Keresési beállítások,
Which Profiles do you want to show?,Melyik profilt akarod megmutatni,
Note: You must have Active MatchNinja.com Account for your profile results to show up in the MatchNinja.com Dating Profile Search Site. <br />Visit MatchNinja.com for maore details:,"Aktív MatchNija.com profillal kell rendelkezni, hogy a profilod feltünjön a matchninja.com társkeresö keresöjében",
Activate,Aktiválás,
Tab Color,Tab szín,
Enter 6 digit color code for Tabs.,Adj meg 6 számjegyü színt a tabokhoz,
Non-Active Tab Color,nem aktív tab szín,
Enter 6 digit color code for Non-Active Tabs.,Adj meg 6 számjegyü színt a nem aktív tabokhoz,
Button Color,Gomb szín,
Enter 6 digit color code for Buttons.,Adj meg 6 számjegyü színt a gombokhoz,
Force Photo,Force fotó,
Select ON to upload a photo with their profile.,"Válaszd az ON-t, hogy feltölts egy fotót a profiljukkal",
Search Results,Keresési eredmény,
Select count of Search Result.,Válaszd a keresési eredmények összeadását,
Select count of front page Result.,Válaszd az elölap eredmények összeadását,
Front Page Result,Elölap eredmény,
Help,Segítség,
"<p><strong>Home Page</strong> - This is the area that you are directed to when you first login. </p> <br> <p><strong>Happening Graph</strong> - This is what is happening this current week with your profile.</p> <br> <p><strong>Email</strong> - This is where all the emails go when you receive email from other users. From here you can check your Inbox, Sent Items, Deleted Items and Compose. The Compose will show you a dropdown of your Favorite profiles. You can\\\\\\\\\\\\\\\'t send a new email from here. To send a new email just visit a users profile.</p> <br> <p><strong>Online</strong> - Shows the users that are currently online. You can filter the online results by gender.</p> <br> <p><strong>Steal Mode</strong> - Turning Stealth Mode ON will make in invisible to other users.</p> <br> <p><strong>Profile Trending</strong> - These are the profiles that are getting the most attention. You can filter these by Favorites, Friends, Winks Sent and Emails.</p> <br> <p><strong>Who Viewed Me</strong> - These are the profiles that have viewed your profile.</p> <br> <p><strong>Who I Viewed </strong>- These are all the profiles you have viewed.</p> <br> <p><strong>View Profile</strong> - This will show you what your profile looks like to other users.</p> <br> <p><strong>Edit Profile</strong> - This lets you edit your profile and your default photo on your profile.</p> <br> <p><strong>Media</strong> - This is where you add Photo Galleries, Audio and Video files.</p> <br> <p><strong>Chat</strong> - This is the group chat room. </p> <br> <p><strong>One to One Chat</strong> - When a user is online you can send them a Chat request. The other user will receive a popup that ask them if they would like to chat. If they accept it then you\\\\\\\\\\\\\\\'re put into a One on One Chat session.</p> <br> <p><strong>Search</strong> - Search for other profiles.</p> <br> <p><strong>Advanced Search</strong> - Extend the search function by searching for specific things in a profile.</p> <br> <p><strong>Zip Code Search</strong> - Search for profiles from any number of miles from a given zip code.</p> <br> <p><strong>Saved Search</strong> - Save your searches by name so you can access them quickly.</p> <br> <p><strong>Settings / Account </strong>- Change your email address and your password here.</p> <br> <p><strong>Settings / Match Alerts</strong> - These are profile matches that you can have sent to your email automatically. You turn it on and set the criteria.</p> <br> <p><strong>Settings / Blocked </strong>- These are the profiles that you have blocked from contacting you. You can block a user from their profile view.</p> <br> <p><strong>Settings / Privacy</strong> - This is where you set who can contact you. By default, everyone can contact you.</p> <br> <p><strong>Settings / Skype</strong> - If you want to use the Skype Instant Messenger/Chat feature then you just add your Skype name and set who can contact you. Can be everyone or your friends.</p> <br> <p><strong>Settings / Upgrade Account</strong> - Upgrade your account to premium membership to get access to features like Email and Chat.</p> <br> <p><strong>Extras / Trending </strong>- Trending profiles are profiles that are getting the most attention. You can filter these results as well.</p> <br> <p><strong>Extras / Interest Cloud </strong>- When you add Interests to your profile they become searchable via the Interest Cloud area. </p> <br> <p><strong>Extras / Date Tracker</strong> - Track the people that you go out with by using the Date Tracker. On a profile there is a icon for Date Tracker. Click it and then you can keep a diary of how it went with this user.</p> <br> <p><strong>Extras / Blogs</strong> - Write articles in the blog section that will appear on your profile.</p> <br> <p><strong>Extras / Meet Me</strong> - Browse through the member profile base and click the Yes or No button and an email will be sent to that user letting them know that they would like to meet you.</p>","<p><strong>Kezdölap</strong> - Ez az az oldal ahova az elsö bejelentkezés után átirányítunk. </p> <br> <p><strong>Történet grafikon</strong> - Ez történt a profiloddal az utóbbi hétben.</p> <br> <p><strong>Email</strong> - Ide jön az össze email a többi tagtól. Itt láthatod a bejövö és kimenö emaileket.A dropdown megmutatja a kedvenceid listáját. Nem tudsz\\\\\\\\\\\\\\\' új emailt küldeni innen.Az email küldéshez látogass el a kivant felhasznalo profiljara.</p> <br> <p><strong>Online</strong> - Mutas meg hogy épp online vagy. Kereshetsz nem szerint.</p> <br> <p><strong>Ingoknito mód</strong> - Ha bekapcsolod akkor a többi tag nem lát.</p> <br> <p><strong>Profile Trending</strong> - Ezek a profilok keltik a legtöbb feltünést. </p> <br> <p><strong>Ki nézte meg a profilom</strong> - Ök nézték meg a profilod.</p> <br> <p><strong>Akiket én néztem meg</strong>- .Ezeket a profilokat nézted meg</p> <br> <p><strong>hogy néz ki az én profilom</strong> - ìgy néz ki a profilod ahogy mások látják.</p> <br> <p><strong>Profil szerkesztés</strong> - Itt szerkesztheted a profilod képét leírását stb.</p> <br> <p><strong>Media</strong> - Ide adhatsz videókat, hangokat stb.</p> <br> <p><strong>Chat</strong> - Ez a csoportos chat szoba </p> <br> <p><strong>Privát chat</strong> - Csak online tagoknak küldhetsz chat felkérést. A többi felhasználó értesítést fog kapni a kelkérésröl. Ha elfogadják, akkor\\\\\\\\\\\\\\\ elkezdödik a privát chat session.</p> <br> <p><strong>Keresés</strong> - Profilok keresése.</p> <br> <p><strong>Részletes keresés</strong> - ezzel konkét dolgokra kereshetsz rá profilon belül.</p> <br> <p><strong>Irányítószá keresés</strong> - Keress profilokat tetszöleges tavra az iranyitoszamodtol.</p> <br> <p><strong>Mentedd keresések</strong> -Ments el a keresési feltételeidet, hogy késöbb egyszerübben elérd.</p> <br> <p><strong>Beállítások / Fiók </strong>- Változtad meg az emailed és a jelszód itt.</p> <br> <p><strong>Beállítások / Találat</strong> - Ezeket a találatokat automatikusan küdheted magadnak emailen. Bekapcsolod és megadod a kritériumokat.</p> <br> <p><strong>Beállítások / Blokkolt </strong>- Ezeket a profilokat blokkoltad.</p> <br> <p><strong>Beállítások / Adatvédelem</strong> - itt állíthatod be hogy ki írhat neked.</p> <br> <p><strong>Beállítások / Skype</strong> - Ha skypolni akarsz a tagokkal akkor ad meg a sykpe nevedet itt.</p> <br> <p><strong>Beállítások / Fiók frissítése</strong> - Frissíts meg a fiókot hogy használhass featureket mint az email vagy a chat.</p> <br> <p><strong>Extrák / Trendek </strong>- Ezek a profilok keltik a legtöbb feltünést.</p> <br> <p><strong>Extrák / Érdeklödés felhö</strong>- Adj meg érdeklödési kört hogy kereshessenek rá a tagok. </p> <br> <p><strong>Extrák / Randi fövetö</strong> - Kövesd nyomon a randijaidat és jegyezd le hogy ment.</p> <br> <p><strong>Extrák / Blogok</strong> - Irj blogot ami megjelenik a profilodon.</p> <br> <p><strong>Extrák / Találkozz velem</strong> - Kérj randi felkérést ezzel a funkcóval.</p>",
Wink Received,Kacsintás érkezett,
Stories,Sztorik,
Please enter story title.,Add meg a sztorid címét,
Please enter story content.,Add meg a sztorid tartalmát,
Add New Story,ùj sztori hozzáadása,
Story:,Sztori,
Paypal,Paypal,
Paypal Pro,Paypal pro,
Miles,Mérföldek,
Happening Graph,Történés grafikon,
Select ON to activate the Happening Graph.,Válaszd ki az ON-t hogy aktiváld a történés grafikont,
Are you sure you want to delete this comment?,"Biztos, hogy törölni akarod a kommented?",
Near Me,Közelemben,
Select ON to activate the Near Me field,Válaszd ki az ON-t hogy aktiváld a Közelemben featuret,
JOIN,Csatlakozz,
Account Setting,Fiók beállítások,
MATCH ALERT,találat értesítés,
BLOCKED,blokkolt,
Privacy Setting,Adatvédelmi beállítások,
Zipcode,Irányítószám,
save searches,keresés mentése,
Title Color,Cím színe,
Enter 6 digit color code for Titles.,Ajd meg 6 jegyü színkódot a címhez,
Help Page Contents,Segítség Oldal Tartalom,
Match alerts,találat értesítés,
Username can not have spaces.,Felhasználónév nem tartalmazhat space-t,
Please Enter Username.,"Kérjük, add meg a felhasználónevet",
Please Enter Email address.,"Kérjük, add meg az email címedet",
Please Confirm email address.,"Kérjük, erösítsd meg az email címed",
Please Check terms and conditions.,"Kérjük, olvasd el a felhasználási feltételeket",
Alert,Értesítés,
Empty,Üres,
No result found !,Nincs eredmény,
JOIN IT IS FREE!,Csatlakozz ingyen,
Search our singles,Keress szingliket,
Happy Stories,Vidám történetek,
Welcome User Name,"Üdvüzöljük, Felhasználónév",
Latest Blog,Legutobbi blog,
OFF,OFF,
ON,ON,
Free Member,Ingyenes szám,
Are you sure you want to delete this user from your date tracker?,"Biztos, hogy törölni akarod ezt a tagot a randikövetöböl?",
Deleted Video.,Video törölve,
You must be a premium member to send an email,Prémium tagság szükséges az email használatához,
Virtual Gift has been Deleted,Virtuális ajándék törölve,
Virtual Gift has been Approved,Virtuális ajándék megerösítve,
My Gifts,Ajándékaim,
My Winks,Kacsintásaim,
Online Members,Online tagok,
Empty Album id/No image uploaded,Üres Album id/ nincs feltöltött kép,
other details,más részletek,
Page,Oldal,
Read More,több,
Use web or android app for payment,Használd a webet vagy android appot a fizetéshez,
Network error has occurred please try again!,"Hálózati hiba, kérjük próbáld újra",
Fill in all the fields!,Tölts ki minden mezöt,
Enter site name,Add meg az oldal nevét,
Thankyou for the payment.,Köszönjük a fizetést,
Payment Failed! Try again later.,Fizetés sikertelen. Próbáld újra késöbb,
You have cancelled the payment!,Megszakítottad a fizetést,
Image size cannot be more than 5 MB!,Képméret nem lehet több mint 5 MB,
Video size cannot be more than 5 MB!,Videoméret nem lehet több mint 5 MB,
The app has not been configured yet!,Az app nem lett még konfigurálva,
Country field is required!,Ország mezö kötelezö,
About me field is required!,Magamról mezö kötelezö,
Title field is required!,Cím mezö kötelezö,
Content field is required!,Tartalom mezö kötelezö,
After Register Redirect,Regisztráció után átirányítás,
Select ON to activate the After Register Redirect url mode.,Válaszd az ON-t hogy aktiváld a regisztrálás utáni átirányítás módot,
Register Email To Admin,Regisztráld az emailt adminként,
Select ON to Send Email to Admin after New User Registration,Válaszd az ON- hogy küld egy admin emailt az uj tag regisztrációjához,
Display options,megjelenítés beállítások,
"Member list up, Tab down","Tag lista, tab lefele",
"Tab up, Member list down","Tab fel, tag lista le",
Tab only,Csak tab,
Select which layouts to show in members not loggedin page,Válasz ki milyen nézetben jelenjen meg a nem tagok login oldala,
No Story Found,Nincs sztori,
Captcha did not match,Captcha sikertelen,
View Gift,Ajándék megtekintése,
No Virtual Gifts,Nincs virtuális ajándék,
Mon,Hét,
Tue,Kedd,
Thu,Csüt,
Fri,Pén,
Sat,Szo,
Sun,Vas,
Actions,Akciók,
Show Into Advanced Search,Mutasd a részletes keresést,
Premium membership expiration,Prémium tagság lejárat,
Payment Successful,Sikeres fizetés,
Payment Failed,Sikertelen fizetés,
Payment Cancelled,Fizetés megszakítva,
Credit balance low,Kredit szám alacsony,
Credit Purchase,Kredit vásárlás,
Meet me,Találkozz velem,
Reset password,Jelszó újraállítás,
Alert Member Notifications-> You can&rsquo;t send wink to this Member.,Tag értesítések-> Te &rsquo;t kacsintást küldeni ennek a tagnak.,
Alert Member Notifications-> You can&rsquo;t send meet me message to this Member.,Tag értesítések-> Te &rsquo;t találkozz velem üzenetet ennek a felhasználónak.,
Alert Email Notifications-> We can&rsquo;t send you a reset password beacause your notification setting for reset password is selected NO.,"Email értesítések-> Mi nem tudjuk visszaállítani a jelszavad, mert az értesítési beállításaid NO-ra van állítva",
Add New Discount,Új kedvezmény hozzáadása,
Code,Kód,
Type,Típus,
Amount,Mennyiség,
status,Àllapot,
Uses,Használatok,
Discount Codes,Kedvezmény Kódok,
Discount Codes options,Kedvezmény opciók,
Enter Your Discount Code,Add meg a kedvezmény kódot,
Discount,Kedvezmény,
Amount After Discount,Összeg a kedvezmény után,
Coupan already used,Kupon már fel lett használva,
Wrong Coupan Code Entered,Érvénytelen kupon kód,
Profile By Registered Date,Profil regisztrálási dátum alapján,
Start and End Date not selected,Kezdö és Befejezö dátum nincs kiválasztva,
Back to search results,Vissza a keresési eredményekhez,
Select which type of member get to use this site for free,Válaszd ki melyik felhasználó használhatja ezt az oldalt ingyen,
No Comments,Nincs komment,
View Wink,Kacsintások,
Template Images,Sablon képek,
Upload Template Images,Sablon kép feltöltés,
Caption,Készítés,
Select ON to activate the male mode.,Válaszd az ON-t hogy aktiváld a férfi módot,
Select ON to activate the female mode.,Válaszd az On-t hogy aktivált a nöi módot,
The following user has commented on your profile. Please check the comments,Ez a felhasználó kommentált a profilodon,
To enable elements of home page elements. Please check the checkbox,hogy engedelyezd az elemeket a kezdöoldalon. Kérjük klikkelj a checkboxra.,
Invalid zip code,Érvénytelen irányítószám,
Please Enter zipcode.,Add meg az irányítószámot,
Enable Home page elements,Engedélyezd a kezdölap elemeket,
Random Online Members,Random online tagok,
Select ON to activate the random online members mode.,Válaszd az ON-t hogy aktivált a random online tag módot,
No. of members,tagok száma,
Please enter less than 10 for random online members,Kérjük adj meg kevesebb mint 10 random online tagot,
Users Statistics,Felhasználási statisztika,
Members By Country,Tagok ország szerint,
All User Statistics,Minden felhasználó statisztika,
Start Date,Start dátum,
End Date,Vég dátum,
Gifts Per Credit,Ajándék kreditenként,
This is the number of credits required to send per gift.,Ez a kreditek száma az ajándék küldéshez,
Credit Per $,Kredit $-ként,
Credit Per Price,Kredit áranként,
This is the credit per price. Do not use the currency sign. Just put the number.,Ez a kredit ára. Ne használj valuta jelet. Csak add meg az összeget,
Distance,Távolság,
Unit,Egység,
Select Unit,Válassz egységet,
Km,KM,
Please enter discount name.,Adj meg kedvezmény nevet,
Please enter discount code.,Adj meg kedvezmény kódot,
Please enter discount type.,Adj meg kedvezmény típust,
please enter description.,ad meg egy leírást,
Please choose discount amount.,Válassz kedvezmény összeget,
Place ipcodeCountry,adj meg ipcode Országot,
Place,Hely,
Distance Feature,Távolság feature,
Select ON to activate Distance Module.,Válaszd az ON-t hogy aktiváld a távolság módot,
You must create your profile before you can use this feature.,Létre kell hoznod a profilod hogy használhasd ezt a featuret,
Your profile has not been Approved yet,A profilod még nem lett jóváhagyva,
New Gateways Updated!!!!,Új fizetési opciók hozzáadva,
Instruction,Instrukciók,
Upgrade / Bank wire,Frissítés / Banki átutalás,
Upgrade / Cheque payment,Frissítés / Csekk fizetés,
Bank & Cheque Users,Bank & Csekk felhasználók,
Plan Amount,Tagság Díj,
Plan Days,Tagság napok,
Plan Name,Tagság neve,
Completed,Siker,
Security Viloation,Biztonság megsértése,
Edit This Only,Csak ezt szerkeszd,
Select ON to activate the Terms of Service mode.,Válaszd az ON-t hogy aktiváld a Felhasználási módot,
New Discount Code added!!!!,Új kedvezmény hozzáadva,
Discount Code updated!!!!,Kedvezmény frissítve,
%,%,
An Online Members widget that displays dsp dating online members.,Egy online tag widget ami megjeleníti a dsp társkeresö online tagjait,
Default Country,Alap ország,
Enable Trending Feature,Trending Feature engedélyezése,
Other Settings,Más beállítások,
Start DSP year,Kezdj DSP évet,
Start Year,Èv kezdése,
Enable Recapcha,Engedélyezd a recaptcha-t,
Select ON to enable Recaptcha,Válaszd az ON-t a recaptcha engedélyezéséhez,
Select ON to enable distance,Válaszd az ON-t a távolság engedélyezéséhez,
Select default country,Válaszd az alapértelmezett országot,
Please choose caption.,Válassz feliratot,
Please choose status,Válassz állapotot,
Please choose image file.,Válassz kép fájlt,
A chat widget.,Egy chat widget,
Google Recaptcha Setting,Google Recaptcha beállítások,
Enter your Google APP Id here,Add meg a google APP id-t,
Total Intrest,Teljes érteklödés,
Registered Users,Regisztrált felhasználók,
Dates Tracked,Lekövetett randik,
Facebook Login Setting,Facebook login beállítások,
APP Id,APP ID,
Enter your facebook APP id here.,Add meg a facebook APP id-t,
Secret Key,Titkos kulcs,
Enter your facebook secret key here.,add meg a facebook titkos kulcsot,
Facebook Login,Facebook login,
Enable Make Private Option in Edit Profile Section,Engedélyezd a privát opciókat a profil beállításokban,
Enable Facebook Login module.For more info how to set up Facebook Api,engedélyezd a facebook login modult. Több információért a facebook api beállításához,
New profile Question added!,ùj profil kérdés hozzáadva,
Profile Question updated!,Profil kérdés hozzáadva,
"Please upload template images of following sizes for template1(566px*361px),template2(950px*694px),template3(950px*413px),template4(950px*457px),template5(950px*482px),template6(525px*418px),template7(950px*457px)","Kérjük, töltsd fel képt sablonokat a következö méretekben: template1(566px*361px),template2(950px*694px),template3(950px*413px),template4(950px*457px),template5(950px*482px),template6(525px*418px),template7(950px*457px)",
Select ON to enable Discount coupan code option,Válaszd az ON-t hogy engedélyezzék a kupod kód opciót,
Edit Current Location,Szerkeszd a jelenlegi helyzetet,
Choose your bank:,Válassz bankot,
Status was Successful...Thank you for your order.,àllapot sikeres. Köszönjük a rendelést,
OK.,OK,
IP address not correct... This call is not from Targetpay.,IP cím nem megfelelö. Ez a kérés nem a Targetpay-töl jött,
Could not fetch response,nem tudjuk a választ kiolvasni,
New Membership added!!!!,ùj tagság hozzáadva,
Membership updated!!!!,Tagság frissítve,
Copy unsuccessfull!,Másolás sikertelen,
"If you don not have coupon code,Please leave it blank","Ha nincs kupon kódod, hagy üresen a mezöt",
Click Here To Get API Key,Klikkel a az API kulcs igényléshez,
The comment has been successful.It will be shown after approval of this user.,Sikeres komment. A felhasználó jóváhagyása után meg lesz jelenítve,
Enter your Google secret key here.,Add meg a google titkos kulcsodat.,
Wink Sent Sucessfully.,Kacsintás küldése sikeres,
You have rated this user successfully. Thank you !,Sikeresen értékelted ezt a felhasználót. Köszönjük,
Username already exists,Felhasználónév már foglalt,
Email already exists,Email már foglalt,
Site Key,Oldal kulcs,
Enter your Google Site Key here,Add meg a google oldal kulcsot,
This is the number of credits required to send per gifts.,Ennyi kredit szükséges az ajándék küldéshez,
Select ON to enable trending sub-menu in extra menu,Válaszd az ON-t hogy engedélyezd a trending almenüt az extra menüben,
No Image uploaded by this user,Nincs kép feltöltve ehhez a taghoz,
Search Form Type,Keresés Form típus,
Select search form type in home page,Válaszd ki a keresés form típust a kezdölapon,
Search form with country list,Keresés form ország listával,
Search form with geography,Keresés form geográfia,
None,semmi,
First name field should not be empty.,A név mezö nem lehet üres,
Last name field should not be empty.,A családi név mezö nem lehet üres,
Enable Registration Field,Regisztráció mezö engedélyezése,
Select ON to enable firstname & lastname field in Registration form,Válaszd az ON-t hogy a név&családi név mezö megjelenjen a Regisztrációs formon,
You are now friend with this user,Most barátok lettetek ezzel a felhasználóval,
Fullname,Teljes név,
User Profile Display Name,Felhasználó megjelenített neve,
Select option to display user profile display name,Klikkelj az Opciókra hogy megjelenítsd a profil nevét,
Message deleted Sucessfully.,Üzenet sikeresen törölve,
Home page Elements,Kezdölap elemek,
After User Register,Felhasználó utánregisztráció,
Auto Login,Auto login,
Email Verification,Email érvényesítés,
Select option to redirect user after registration. Note: You must have dsp_add_on,Válaszd az opciókat hogy átirányítsd a felhasználót a regisztráció után. Megjegyzés: rendelkezned kell dsp_add_on - val,
Your account is activated successfully,A fiókod sikeresen aktiválva,
User not exist,Felhasználó nem létezik,
Current Status :,Jelenlegi állapot,
Noone view your profile till now,senki nem nézte meg a profilod ezidáig,
End Year,èv vége,
End DSP Year,DSP èv vége,
Import Language Pack,Nyelvi csomag importálás,
Select language that pack needed to import,Válaszd ki az importálandó nyelv csomagot,
Select language pack need to import,Válaszd ki az importálandó nyelv csomagot,
Language Pack,Nyelvi csomag,
License Key,Liszensz kulcs,
Enter a valid license key for WP Dating Plugin.,Adj meg egy érvényes liszensz kulcsot a WP Dating Pluginhoz,
Either you entered only spam words or no <#name#> entered,Vagy csak spam szavakat adtál meg vagy nincs <#name#> megadva,
"Please make sure,you have configured your license key correctly to get rid of this message.",Gyözödj meg róla hogy helyesen konfiguráltad a liszensz kulcsodat hogy eltüntesd ezt az üzenetet,
Activate License,Liszensz aktiválása,
License is Activated,Liszensz aktiválva,
Search and Chat,Keress és chatelj,
Features,Feature-k,
Customize,Testreszabás,
Accounts and Payment,Fióok és fizetések,
Addons,Addon-ok,
Basic Search,Alap keresés,
Advanced Search,Részletes keresés,
Please enter a message,Adj meg egy üzenetet,
Forgot Password,Elfelejtettem a jelszavam,
You have to first delete <#LANGNAME#> language to import this language pack,Kérjük elöbb töröld <#LANGNAME#> nyelvet hogy importáld ezt a nyelvi csomagot,
Album name,Album neve,
My Album,Albumom,
Please write us your reason:,Kérjük indokold meg,
Report this comment,Jelents ezt a kommentet,
Please enter the reason for report.,add meg a jelentés okát,
Your report was successfully submitted.,A jelentés sikeresen elküldve,
Your report was not submitted.,A jelentésed sikertelen,
Reported Comment,Jelentett komment,
Ignore,Ignorál,
Comment,Kommentál,
Reported by,Jelentette,
Featured Member,kiemelt tag,
Search User,Felhasználó keresése,
Featured Members,Kielemt tagok,
Contact Permissions (Who can contact me?),Kapcsolatfelvétel szabályozás( ki veheti fel velem a kapcsolatot),
Welcome,Üdvözöljük,
Please Note: If a membership plan is being used you cannot delete that Membership Plan.,"Megjegyzés: Ha már használsz egy tagsági elöfizetést, akkor azt nem törölheted.",
Order,Rendelés,
Profile Picture,Profil kép,
Move,Mozgat,
Email is Unread,Olvasatlan emailek,
Email has been Read,Olvasott email,
Previous,Elözö,
Next,Következö,
This value seems to be invalid.,Ez az érték érvénytelen,
This value should be a valid email.,Ez az érték egy érvényes email kell hogy legyen,
This value should be a valid url.,Ez az érték egy érvényes url kell hogy legyen,
This value should be a valid number.,Ez az érték egy érvényes szám kell hogy legyen,
This value should be a valid integer.,Ez az érték egy érvényes integer kell hogy legyen,
This value should be digits.,Ez az érték egy szám kell hogy legyen,
This value should be alphanumeric.,Ez az érték egy szöveg kell hogy legyen,
This value should not be blank.,Ez az érték nem lehet üres,
This value is required.,Ez az érték kötelezö,
This value should be greater than or equal to %s.,Ez az érték nagyobb vagy egyenlö mint %s kell hogy legyen,
This value should be lower than or equal to %s.,Ez az érték kisebb vagy egyenlö mint %s kell hogy legyen,
This value should be between %s and %s.,Ez az érték %S közé kell hogy essen,
This value is too short. It should have %s characters or more.,Ez az érték túl rövid. Ennek %s karakternek vagy többnek kell hogy legyen,
This value is too long. It should have %s characters or fewer.,Ez az érték túl hosszú. Ennek %s karakternek vagy kevesebbnek kell hogy legyen,
You must select at least %s choices.,Legalább %s választ kell adnod,
You must select %s choices or fewer.,legfeljebb %s választ kell adnod,
You must select between %s and %s choices.,A válaszok száma %s és %s közé kell hogy essen,
This value should be the same.,Ez az érték megegyezö kell hogy legyen,
"Due to restrictions put on recurring plan, recurring payment gateway (such as Paypal Recurring - Subscriptions) can only be activated where the number of days satisfies the following conditions.","A megújuló elöfizetés feltételei miatt, a fizetési szolgáltató ( mint a Paypal Recurring - Subscriptions) megujulo fizetés opciója csak akkor aktiválható ha a következö feltételeknek eleget tesz",
No of days is less than or equal to 90 with range (1 to 90),A napok száma kevesebb vagy egyenlö mint 90 (1-90 tartományban),
No of days is multiple of 7 with range (7 to 364).,A napok száma a 7 többszöröse. (7-364 tartományban),
No of days is multiple of 30 with range (30 to 720).,a napok száma 30 többszöröse (30-720 tartományban),
No of days is multiple of 365 with range (365 to 1825).,A napok száma 365 többszöröse (365-1825 tartományban),
QUICK ACTIONS,Gyors akciók,
Make this membership plan free,Tedd ezt a tagsági csomagot ingyenessé,
Apply,Igénylés,
is activated,aktiválva,
Plan,Csomag,
Make this profile questions private,Tedd ezeket a profil kérdéseket magánná,
Only me,csak én,
You cannot view this profile,Ezt a profilt nem nézheted meg,
Wed,Sze,
Distance Search,Távolsági keresés,
Select ON to enable password field option in registration page,Válaszd az ON-t a jelszó mezö megjelenítéséhez a regisztrációs oldalon,
Upgrade/CCBill,Frissítés/CCBill,
List All,Összes kilisztázása,
Green,Zöld,
Blue,Kék,
Black,Fekete,
Christian,Keresztény,
Hazel,Hazel,
Buddhist,Buddhista,
Muslim,Muszlim,
Catholic,Katolikus,
Athiest,Ateista,
Baptist,Baptista,
Hindu,Hindu,
Mormon,Mormon,
Jewish,Zsidó,
Luthern,Luthernista,
Methodist,Metodista,
Other,Másolás sikertelen,
Caucasian,Kaukázusi kefír,
Middle Eastern,Közép euroópai,
Indian,Idiai,
European,Európai,
Asian,Àzsiai,
African,Afrikai,
Single,Szingli,
Not Stated,Nincs adat,
Divorced,Elvált,
Widowed,Özvegy,
Player,Játékos,
Lost,Elveszett,
Maybe,Talán,
Over,Több,
00-20k,00-20k,
20-60K,20-60K,
60-80K,60-80K,
Over K,K felett,
Skinny,vékony,
Average,átlagos,
Athletic,atlétikus,
Body Builder,budy builder,
Extra Pounds,túlsúlyos,
Trying to Quit,szeretne kilépni,
Friendly,barátságos,
Pipes,pipák,
Gray,ösz,
Brown,barna,
Social,szociális,
I''m a Drunk,alkesz,
Blonde,szöke,
Red,vörös,
Mohawk,mohács,
Bald,kopasz,
Unemployed,munkanélküli,
Full Time,teljes állás,
Part Time,félállás,
Student,Tanuló,
Home Maker,otthon teremtö,
Self Employed,vállalkozó,
Retired,nyugdíjas,
High School,középiskolás,
Bachelors,hallgató,
Masters,mester hallgató,
PHD,PHD hallgató,
School of Life,élet iskolája,
Confused,össze van zavarodva,
Friendship,barátság,
Dating,randizás,
Marriage,házasság,
Fling,fing,
Intimate Encounter,intim kapcsolat,
Short Term,rövid távú,
Long Term,hosszútávú,
Anything!,bármi,
Eye Color,szeme színe,
Religion,vallás,
Ethnicity,entika,
Marital Status,családi állapot,
Children,gyerekek,
Income,bevétel,
Body Type,testalkat,
Smoker,dohányzó,
Drink,ivás,
Hair Color,haj szín,
Employment,munkahelyi állapot,
Education,képzettség,
Seeking,keresö,
My Match,találataim,
Saved Search,mentett találatok,
Access Email,Emailek elérése,
View Email Message,email megtekintés,
Reply Email Message,válasz email,
Compose New Email Message,írj egy új emailt,
Upload Audio,Audio feltöltés,
Upload Video,Video feltöltés,
Zip Code Search,Irányítószám keresés,
Group Chat,Csoportos beszélgetés,
One to One Chat,Privát chat,
(required),(kötelezö),
List All Stories,Minden sztori listázása,
The user has not uploaded any audios.,A felhasználó nem töltött fel audiót,
The user has not uploaded any videos.,A felhasználó nem töltött fel videót,
The user has not uploaded any photos.,A felhasználó nem töltött fel fotót,
New Password:,ùj jelszó,
List Of Albums,Albumlista,
Email Notification,Email értesítés,
Albums,Albumok,
Inbox,Inbox,
Are you sure you want to Unblock?,Biztos hogy feloldod a blokkot?,
Make your pro pic Private,Tedd a profi képedet priváttá,
Saved Searches,Mentett keresés,
Do you want to save this user in your date tracking list?,El akarod menteni ezt a felhasználót a társkeresö nyomonkövetésbe?,
Accept This Gifts,Fogadd el ezt az ajándékot,
Sent Gifts,Elküldött ajándékok,
just sent you a message.,küldött neked egy üzenetet,
Use the site being in the offline mode,használd az oldalt offline módban,
Message Sent Successfully.,üzenet sikeresen elküldve,
Enable Message,üzenet engedélyezése,
Are you sure you want to Delete this Message?,Biztos törölni akarod ezt az üzenetet?,
Dashboard,Dashboard,
Start now,Kezdd el most!,
Delete Account Permanently,Fiók azonnali törlése,
Are you sure you want to delete your account permanently?,Biztos hogy azonnal törölni akarod a fiókodat?,
Please Login to view the members,"Kérjük, jelentkezz be hogy lásd a tagokat",
Add your text here,Add meg a leírásodat,
Current Status,Jelenlegi állapot,
Start upload,Feltöltés kezdése,
Cancel upload,Feltöltés megszakítása,
Delete Account,Fiók törlése,
Rate,èrtékelés,
Make these profile questions private,Tedd ezeket a profil kérdéseket priváttá,
Make your profile picture Private,Tedd a profi képedet priváttá